target	scycle	kofam	metabolic	scycdb	divergence
sat	198	235	202	481	283
aprA	90	419	71	259	348
aprB	98	411	76	93	335
dsrA	85	183	85	332	247
dsrB	87	200	87	176	113
dsrC	80	-	0	79	80
dsrD	26	-	0	38	38
dsrM	93	142	93	108	49
dsrK	87	203	87	110	116
qmoA	58	183	58	102	125
qmoB	67	124	67	90	57
qmoC	60	166	60	64	106
soxA	57	86	58	168	111
soxB	68	266	30	338	308
soxC	29	48	22	195	173
soxD	21	-	0	72	72
soxX	111	203	107	298	191
soxY	69	74	59	158	99
soxZ	72	75	72	120	48
sqr	113	461	72	129	389
fccB	41	352	0	153	352
fccA	17	121	43	53	104
sdo	4	444	254	-	440
soeA	49	345	43	80	302
soeB	39	234	39	20	214
soeC	39	83	39	40	44
sorA	17	31	17	69	52
tsdA	26	176	26	375	349
sor	7	0	7	8	8
cysN	36	483	36	445	447
cysD	80	136	79	423	344
cysNC	16	216	16	460	444
cysC	53	258	53	498	445
cysH	134	193	134	314	180
cysJ	8	19	8	483	475
cysI	17	238	17	415	398
sir	5	95	5	395	390
cysK	242	320	241	490	249
cysM	111	348	111	476	365
phsA	4	346	57	137	342
phsB	0	306	0	34	306
phsC	0	15	0	76	76
ttrA	2	245	5	344	342
ttrB	63	352	63	303	289
ttrC	4	199	4	99	195
doxA	0	10	0	0	10
doxD	34	160	28	11	149
tth	5	85	5	-	80
otr	25	-	0	73	73
sseA	127	246	122	150	124
sreA	0	0	0	6	6
dmdA	15	50	15	294	279
dddP	11	0	2	383	383
mddA	40	223	40	90	183
mtoX	22	24	22	3	21
tauD	2	3	2	357	355
tauA	17	233	17	367	350
tauB	18	492	15	469	477
tauC	19	276	19	91	257
ssuD	6	75	6	461	455
ssuE	8	173	8	294	286
