accession	ncbi_acc	stratum	clade	gtdb_taxonomy
GB_GCA_014804905.1	GCA_014804905.1	enriched	Desulfovibrio	d__Bacteria;p__Desulfobacterota;c__Desulfovibrionia;o__Desulfovibrionales;f__Desulfovibrionaceae;g__Desulfovibrio;s__Desulfovibrio sp014804905
GB_GCA_017454855.1	GCA_017454855.1	enriched	Desulfovibrio	d__Bacteria;p__Desulfobacterota;c__Desulfovibrionia;o__Desulfovibrionales;f__Desulfovibrionaceae;g__Desulfovibrio;s__Desulfovibrio sp017454855
GB_GCA_017613715.1	GCA_017613715.1	enriched	Desulfovibrio	d__Bacteria;p__Desulfobacterota;c__Desulfovibrionia;o__Desulfovibrionales;f__Desulfovibrionaceae;g__Desulfovibrio;s__Desulfovibrio sp017613715
GB_GCA_024699605.1	GCA_024699605.1	enriched	Desulfovibrio	d__Bacteria;p__Desulfobacterota;c__Desulfovibrionia;o__Desulfovibrionales;f__Desulfovibrionaceae;g__Desulfovibrio;s__Desulfovibrio sp024699605
GB_GCA_944324555.1	GCA_944324555.1	enriched	Desulfovibrio	d__Bacteria;p__Desulfobacterota;c__Desulfovibrionia;o__Desulfovibrionales;f__Desulfovibrionaceae;g__Desulfovibrio;s__Desulfovibrio sp944324555
GB_GCA_963663345.2	GCA_963663345.2	enriched	Desulfobacter	d__Bacteria;p__Desulfobacterota;c__Desulfobacteria;o__Desulfobacterales;f__Desulfobacteraceae;g__Desulfobacter;s__Desulfobacter sp963665095
GB_GCA_002747145.1	GCA_002747145.1	enriched	Desulfobacter	d__Bacteria;p__Desulfobacterota;c__Desulfobacteria;o__Desulfobacterales;f__Desulfobacteraceae;g__Desulfobacter;s__Desulfobacter postgatei_A
RS_GCF_000233695.2	GCF_000233695.2	enriched	Desulfobacter	d__Bacteria;p__Desulfobacterota;c__Desulfobacteria;o__Desulfobacterales;f__Desulfobacteraceae;g__Desulfobacter;s__Desulfobacter postgatei
RS_GCF_013389365.1	GCF_013389365.1	enriched	Desulfobacter	d__Bacteria;p__Desulfobacterota;c__Desulfobacteria;o__Desulfobacterales;f__Desulfobacteraceae;g__Desulfobacter;s__Desulfobacter latus
GB_GCA_030145005.1	GCA_030145005.1	enriched	Desulfobacter	d__Bacteria;p__Desulfobacterota;c__Desulfobacteria;o__Desulfobacterales;f__Desulfobacteraceae;g__Desulfobacter;s__Desulfobacter sp030145005
RS_GCF_031280615.1	GCF_031280615.1	enriched	Desulfobulbus	d__Bacteria;p__Desulfobacterota;c__Desulfobulbia;o__Desulfobulbales;f__Desulfobulbaceae;g__Desulfobulbus;s__Desulfobulbus sp031280615
RS_GCF_000621145.1	GCF_000621145.1	enriched	Desulfobulbus	d__Bacteria;p__Desulfobacterota;c__Desulfobulbia;o__Desulfobulbales;f__Desulfobulbaceae;g__Desulfobulbus;s__Desulfobulbus elongatus
GB_GCA_041622895.1	GCA_041622895.1	enriched	Desulfobulbus	d__Bacteria;p__Desulfobacterota;c__Desulfobulbia;o__Desulfobulbales;f__Desulfobulbaceae;g__Desulfobulbus;s__Desulfobulbus sp041622895
GB_GCA_034003445.1	GCA_034003445.1	enriched	Desulfobulbus	d__Bacteria;p__Desulfobacterota;c__Desulfobulbia;o__Desulfobulbales;f__Desulfobulbaceae;g__Desulfobulbus;s__Desulfobulbus sp034003445
GB_GCA_013201405.1	GCA_013201405.1	enriched	Desulfobulbus	d__Bacteria;p__Desulfobacterota;c__Desulfobulbia;o__Desulfobulbales;f__Desulfobulbaceae;g__Desulfobulbus;s__Desulfobulbus sp013201405
RS_GCF_000315365.1	GCF_000315365.1	enriched	Desulfotomaculum	d__Bacteria;p__Bacillota;c__Desulfotomaculia;o__Desulfotomaculales;f__Desulfotomaculaceae;g__Desulfotomaculum;s__Desulfotomaculum hydrothermale
RS_GCF_001655685.1	GCF_001655685.1	enriched	Desulfotomaculum	d__Bacteria;p__Bacillota;c__Desulfotomaculia;o__Desulfotomaculales;f__Desulfovirgulaceae;g__Desulfotomaculum_G;s__Desulfotomaculum_G copahuensis
RS_GCF_002005145.1	GCF_002005145.1	enriched	Desulfotomaculum	d__Bacteria;p__Bacillota;c__Desulfotomaculia;o__Desulfotomaculales;f__Desulfotomaculaceae;g__Desulfotomaculum;s__Desulfotomaculum ferrireducens
RS_GCF_000215085.1	GCF_000215085.1	enriched	Desulfotomaculum	d__Bacteria;p__Bacillota;c__Desulfotomaculia;o__Desulfotomaculales;f__Desulfotomaculaceae;g__Desulfotomaculum;s__Desulfotomaculum ruminis
RS_GCF_000189755.2	GCF_000189755.2	enriched	Desulfotomaculum	d__Bacteria;p__Bacillota;c__Desulfotomaculia;o__Desulfotomaculales;f__Desulfotomaculaceae;g__Desulfotomaculum;s__Desulfotomaculum nigrificans
GB_GCA_002412965.1	GCA_002412965.1	enriched	Desulfomicrobium	d__Bacteria;p__Desulfobacterota;c__Desulfovibrionia;o__Desulfovibrionales;f__Desulfomicrobiaceae;g__Desulfomicrobium;s__Desulfomicrobium sp002412965
RS_GCF_024204645.1	GCF_024204645.1	enriched	Desulfomicrobium	d__Bacteria;p__Desulfobacterota;c__Desulfovibrionia;o__Desulfovibrionales;f__Desulfomicrobiaceae;g__Desulfomicrobium;s__Desulfomicrobium sp024204645
RS_GCF_000428825.1	GCF_000428825.1	enriched	Desulfomicrobium	d__Bacteria;p__Desulfobacterota;c__Desulfovibrionia;o__Desulfovibrionales;f__Desulfomicrobiaceae;g__Desulfomicrobium;s__Desulfomicrobium escambiense
GB_GCA_018902545.1	GCA_018902545.1	enriched	Desulfomicrobium	d__Bacteria;p__Desulfobacterota;c__Desulfovibrionia;o__Desulfovibrionales;f__Desulfomicrobiaceae;g__Desulfomicrobium;s__Desulfomicrobium sp018902545
GB_GCA_964384665.1	GCA_964384665.1	enriched	Desulfomicrobium	d__Bacteria;p__Desulfobacterota;c__Desulfovibrionia;o__Desulfovibrionales;f__Desulfomicrobiaceae;g__Desulfomicrobium;s__Desulfomicrobium sp964384665
GB_GCA_021162745.1	GCA_021162745.1	enriched	Desulfuromonas	d__Bacteria;p__Desulfobacterota;c__Desulfuromonadia;o__Desulfuromonadales;f__Desulfuromonadaceae;g__Desulfuromonas;s__Desulfuromonas sp021162745
GB_GCA_963666745.1	GCA_963666745.1	enriched	Desulfuromonas	d__Bacteria;p__Desulfobacterota;c__Desulfuromonadia;o__Desulfuromonadales;f__Desulfuromonadaceae;g__Desulfuromonas;s__Desulfuromonas sp963666745
GB_GCA_002084665.1	GCA_002084665.1	enriched	Desulfuromonas	d__Bacteria;p__Desulfobacterota;c__Desulfuromonadia;o__Desulfuromonadales;f__Desulfuromonadaceae;g__Desulfuromonas;s__Desulfuromonas sp002084665
GB_GCA_964536375.1	GCA_964536375.1	enriched	Desulfuromonas	d__Bacteria;p__Desulfobacterota;c__Desulfuromonadia;o__Desulfuromonadales;f__Desulfuromonadaceae;g__Desulfuromonas;s__Desulfuromonas sp964536375
RS_GCF_019704135.1	GCF_019704135.1	enriched	Desulfuromonas	d__Bacteria;p__Desulfobacterota;c__Desulfuromonadia;o__Desulfuromonadales;f__NIT-T3;g__Desulfuromonas_A;s__Desulfuromonas_A versatilis
GB_GCA_021163085.1	GCA_021163085.1	enriched	Thermodesulfobacterium	d__Bacteria;p__Desulfobacterota;c__Thermodesulfobacteria;o__Thermodesulfobacteriales;f__Thermodesulfobacteriaceae;g__Thermodesulfobacterium;s__Thermodesulfobacterium sp021163085
GB_GCA_003641645.1	GCA_003641645.1	enriched	Thermodesulfobacterium	d__Bacteria;p__Desulfobacterota;c__Thermodesulfobacteria;o__Thermodesulfobacteriales;f__Thermodesulfobacteriaceae;g__Thermodesulfobacterium;s__Thermodesulfobacterium sp003641645
GB_GCA_036781525.1	GCA_036781525.1	enriched	Thermodesulfobacterium	d__Bacteria;p__Desulfobacterota;c__Thermodesulfobacteria;o__Thermodesulfobacteriales;f__Thermodesulfobacteriaceae;g__Thermodesulfobacterium;s__Thermodesulfobacterium sp036781525
GB_GCA_002877985.1	GCA_002877985.1	enriched	Thermodesulfobacterium	d__Bacteria;p__Desulfobacterota;c__Thermodesulfobacteria;o__Thermodesulfobacteriales;f__Thermodesulfobacteriaceae;g__Thermodesulfobacterium;s__Thermodesulfobacterium geofontis_A
GB_GCA_964412755.1	GCA_964412755.1	enriched	Thermodesulfobacterium	d__Bacteria;p__Desulfobacterota;c__Thermodesulfobacteria;o__Thermodesulfobacteriales;f__Thermodesulfobacteriaceae;g__Thermodesulfobacterium;s__Thermodesulfobacterium sp964412755
GB_GCA_041640755.1	GCA_041640755.1	enriched	Thermodesulfovibrio	d__Bacteria;p__Nitrospirota;c__Thermodesulfovibrionia;o__Thermodesulfovibrionales;f__Thermodesulfovibrionaceae;g__Thermodesulfovibrio;s__Thermodesulfovibrio sp041640755
RS_GCF_040451425.1	GCF_040451425.1	enriched	Thermodesulfovibrio	d__Bacteria;p__Nitrospirota;c__Thermodesulfovibrionia;o__Thermodesulfovibrionales;f__Thermodesulfovibrionaceae;g__Thermodesulfovibrio;s__Thermodesulfovibrio obliviosus
RS_GCF_040450955.1	GCF_040450955.1	enriched	Thermodesulfovibrio	d__Bacteria;p__Nitrospirota;c__Thermodesulfovibrionia;o__Thermodesulfovibrionales;f__Thermodesulfovibrionaceae;g__Thermodesulfovibrio;s__Thermodesulfovibrio autotrophicus
RS_GCF_001514535.1	GCF_001514535.1	enriched	Thermodesulfovibrio	d__Bacteria;p__Nitrospirota;c__Thermodesulfovibrionia;o__Thermodesulfovibrionales;f__Thermodesulfovibrionaceae;g__Thermodesulfovibrio;s__Thermodesulfovibrio aggregans
GB_GCA_036845625.1	GCA_036845625.1	enriched	Thermodesulfovibrio	d__Bacteria;p__Nitrospirota;c__Thermodesulfovibrionia;o__Thermodesulfovibrionales;f__Thermodesulfovibrionaceae;g__Thermodesulfovibrio;s__Thermodesulfovibrio sp937139565
GB_GCA_014763895.1	GCA_014763895.1	enriched	Sulfurovum	d__Bacteria;p__Campylobacterota;c__Campylobacteria;o__Campylobacterales;f__Sulfurovaceae;g__Sulfurovum;s__Sulfurovum sp014763895
GB_GCA_027062365.1	GCA_027062365.1	enriched	Sulfurovum	d__Bacteria;p__Campylobacterota;c__Campylobacteria;o__Campylobacterales;f__Sulfurovaceae;g__Sulfurovum;s__Sulfurovum sp027062365
GB_GCA_003646505.1	GCA_003646505.1	enriched	Sulfurovum	d__Bacteria;p__Campylobacterota;c__Campylobacteria;o__Campylobacterales;f__Sulfurovaceae;g__Sulfurovum;s__Sulfurovum sp003646505
GB_GCA_963583215.1	GCA_963583215.1	enriched	Sulfurovum	d__Bacteria;p__Campylobacterota;c__Campylobacteria;o__Campylobacterales;f__Sulfurovaceae;g__Sulfurovum;s__Sulfurovum sp963583215
GB_GCA_026991605.1	GCA_026991605.1	enriched	Sulfurovum	d__Bacteria;p__Campylobacterota;c__Campylobacteria;o__Campylobacterales;f__Sulfurovaceae;g__Sulfurovum;s__Sulfurovum sp026991605
GB_GCA_041662325.1	GCA_041662325.1	enriched	Sulfurimonas	d__Bacteria;p__Campylobacterota;c__Campylobacteria;o__Campylobacterales;f__Sulfurimonadaceae;g__Sulfurimonas;s__Sulfurimonas sp041662325
GB_GCA_015488665.1	GCA_015488665.1	enriched	Sulfurimonas	d__Bacteria;p__Campylobacterota;c__Campylobacteria;o__Campylobacterales;f__Sulfurimonadaceae;g__Sulfurimonas;s__Sulfurimonas sp015488855
RS_GCF_018698455.1	GCF_018698455.1	enriched	Sulfurimonas	d__Bacteria;p__Campylobacterota;c__Campylobacteria;o__Campylobacterales;f__Sulfurimonadaceae;g__Sulfurimonas;s__Sulfurimonas sp018698455
GB_GCA_030691485.1	GCA_030691485.1	enriched	Sulfurimonas	d__Bacteria;p__Campylobacterota;c__Campylobacteria;o__Campylobacterales;f__Sulfurimonadaceae;g__Sulfurimonas;s__Sulfurimonas sp903903705
GB_GCA_027083035.1	GCA_027083035.1	enriched	Sulfurimonas	d__Bacteria;p__Campylobacterota;c__Campylobacteria;o__Campylobacterales;f__Sulfurimonadaceae;g__Sulfurimonas;s__Sulfurimonas sp027083035
GB_GCA_020721255.1	GCA_020721255.1	enriched	Chlorobiia_GSB	d__Bacteria;p__Bacteroidota;c__Chlorobiia;o__Chlorobiales;f__Chlorobiaceae;g__Chlorobium;s__Chlorobium chlorochromatii
GB_GCA_013334655.1	GCA_013334655.1	enriched	Chlorobiia_GSB	d__Bacteria;p__Bacteroidota;c__Chlorobiia;o__Chlorobiales;f__Chlorobiaceae;g__Chlorobaculum;s__Chlorobaculum sp013334655
GB_GCA_016931495.1	GCA_016931495.1	enriched	Chlorobiia_GSB	d__Bacteria;p__Bacteroidota;c__Chlorobiia;o__Chlorobiales;f__Chlorobiaceae;g__Chlorobaculum;s__Chlorobaculum sp016931495
GB_GCA_046289735.1	GCA_046289735.1	enriched	Chlorobiia_GSB	d__Bacteria;p__Bacteroidota;c__Chlorobiia;o__Chlorobiales;f__Thermochlorobacteraceae;g__Thermochlorobacter;s__Thermochlorobacter sp046291735
GB_GCA_903823385.1	GCA_903823385.1	enriched	Chlorobiia_GSB	d__Bacteria;p__Bacteroidota;c__Chlorobiia;o__Chlorobiales;f__Chlorobiaceae;g__Chlorobium;s__Chlorobium sp903851385
RS_GCF_002813775.1	GCF_002813775.1	enriched	Chromatiales_PSB	d__Bacteria;p__Pseudomonadota;c__Gammaproteobacteria;o__Chromatiales;f__Chromatiaceae;g__Thiodictyon;s__Thiodictyon syntrophicum
GB_GCA_016756835.1	GCA_016756835.1	enriched	Chromatiales_PSB	d__Bacteria;p__Pseudomonadota;c__Gammaproteobacteria;o__Chromatiales;f__Chromatiaceae;g__QGON01;s__QGON01 sp016756835
GB_GCA_020445225.1	GCA_020445225.1	enriched	Chromatiales_PSB	d__Bacteria;p__Pseudomonadota;c__Gammaproteobacteria;o__Chromatiales;f__Chromatiaceae;g__Thiosocius;s__Thiosocius sp024235395
GB_GCA_028277725.1	GCA_028277725.1	enriched	Chromatiales_PSB	d__Bacteria;p__Pseudomonadota;c__Gammaproteobacteria;o__Chromatiales;f__Chromatiaceae;g__Thiohalocapsa;s__Thiohalocapsa sp028277725
GB_GCA_027030425.1	GCA_027030425.1	enriched	Chromatiales_PSB	d__Bacteria;p__Pseudomonadota;c__Gammaproteobacteria;o__Chromatiales;f__Chromatiaceae;g__Thiolapillus;s__Thiolapillus sp027030425
RS_GCF_000378965.1	GCF_000378965.1	enriched	Thioalkalivibrio	d__Bacteria;p__Pseudomonadota;c__Gammaproteobacteria;o__Ectothiorhodospirales;f__Ectothiorhodospiraceae;g__Thioalkalivibrio_A;s__Thioalkalivibrio_A thiocyanodenitrificans
RS_GCF_002000365.1	GCF_002000365.1	enriched	Thioalkalivibrio	d__Bacteria;p__Pseudomonadota;c__Gammaproteobacteria;o__Ectothiorhodospirales;f__Ectothiorhodospiraceae;g__Thioalkalivibrio_A;s__Thioalkalivibrio_A denitrificans
RS_GCF_000025545.1	GCF_000025545.1	enriched	Thioalkalivibrio	d__Bacteria;p__Pseudomonadota;c__Gammaproteobacteria;o__Ectothiorhodospirales;f__Ectothiorhodospiraceae;g__Thioalkalivibrio;s__Thioalkalivibrio sp000025545
RS_GCF_000378585.1	GCF_000378585.1	enriched	Thioalkalivibrio	d__Bacteria;p__Pseudomonadota;c__Gammaproteobacteria;o__Ectothiorhodospirales;f__Ectothiorhodospiraceae;g__Thioalkalivibrio;s__Thioalkalivibrio sp000378605
RS_GCF_000321415.2	GCF_000321415.2	enriched	Thioalkalivibrio	d__Bacteria;p__Pseudomonadota;c__Gammaproteobacteria;o__Ectothiorhodospirales;f__Ectothiorhodospiraceae;g__Thioalkalivibrio;s__Thioalkalivibrio nitratireducens
GB_GCA_964471285.1	GCA_964471285.1	enriched	Thioglobus_SUP05	d__Bacteria;p__Pseudomonadota;c__Gammaproteobacteria;o__PS1;f__Pseudothioglobaceae;g__Thioglobus_A;s__Thioglobus_A sp964471285
GB_GCA_029937335.1	GCA_029937335.1	enriched	Thioglobus_SUP05	d__Bacteria;p__Pseudomonadota;c__Gammaproteobacteria;o__PS1;f__Pseudothioglobaceae;g__Thioglobus_C;s__Thioglobus_C sp029937335
GB_GCA_964448305.1	GCA_964448305.1	enriched	Thioglobus_SUP05	d__Bacteria;p__Pseudomonadota;c__Gammaproteobacteria;o__PS1;f__Pseudothioglobaceae;g__Thioglobus_C;s__Thioglobus_C sp964448305
GB_GCA_910595855.1	GCA_910595855.1	enriched	Thioglobus_SUP05	d__Bacteria;p__Pseudomonadota;c__Gammaproteobacteria;o__PS1;f__Pseudothioglobaceae;g__Thioglobus_A;s__Thioglobus_A vulcanius
GB_GCA_022600395.1	GCA_022600395.1	enriched	Thioglobus_SUP05	d__Bacteria;p__Pseudomonadota;c__Gammaproteobacteria;o__PS1;f__Pseudothioglobaceae;g__Thioglobus_A;s__Thioglobus_A sp022600395
RS_GCF_021650935.1	GCF_021650935.1	enriched	Beggiatoa_Thiothrix	d__Bacteria;p__Pseudomonadota;c__Gammaproteobacteria;o__Thiotrichales;f__Thiotrichaceae;g__Thiothrix;s__Thiothrix winogradskyi
RS_GCF_000260135.1	GCF_000260135.1	enriched	Beggiatoa_Thiothrix	d__Bacteria;p__Pseudomonadota;c__Gammaproteobacteria;o__Thiotrichales;f__Thiotrichaceae;g__Thiothrix;s__Thiothrix nivea
GB_GCA_963818325.1	GCA_963818325.1	enriched	Beggiatoa_Thiothrix	d__Bacteria;p__Pseudomonadota;c__Gammaproteobacteria;o__Thiotrichales;f__Thiotrichaceae;g__Thiothrix;s__Thiothrix sp963818325
GB_GCA_964498805.1	GCA_964498805.1	enriched	Beggiatoa_Thiothrix	d__Bacteria;p__Pseudomonadota;c__Gammaproteobacteria;o__Thiotrichales;f__Thiotrichaceae;g__Thiothrix;s__Thiothrix sp964498805
RS_GCF_030913135.1	GCF_030913135.1	enriched	Beggiatoa_Thiothrix	d__Bacteria;p__Pseudomonadota;c__Gammaproteobacteria;o__Thiotrichales;f__Thiotrichaceae;g__Thiothrix;s__Thiothrix subterranea_A
GB_GCA_027344185.1	GCA_027344185.1	enriched	Thiobacillus	d__Bacteria;p__Pseudomonadota;c__Gammaproteobacteria;o__Burkholderiales;f__Thiobacillaceae;g__Thiobacillus;s__Thiobacillus sp027344185
RS_GCF_032027065.1	GCF_032027065.1	enriched	Thiobacillus	d__Bacteria;p__Pseudomonadota;c__Gammaproteobacteria;o__Burkholderiales;f__Thiobacillaceae;g__Thiobacillus;s__Thiobacillus sp024709685
GB_GCA_020217265.1	GCA_020217265.1	enriched	Thiobacillus	d__Bacteria;p__Pseudomonadota;c__Gammaproteobacteria;o__Burkholderiales;f__Thiobacillaceae;g__Thiobacillus;s__Thiobacillus sp020217265
GB_GCA_001725525.1	GCA_001725525.1	enriched	Thiobacillus	d__Bacteria;p__Pseudomonadota;c__Gammaproteobacteria;o__Burkholderiales;f__Thiobacillaceae;g__Thiobacillus;s__Thiobacillus sp001897705
GB_GCA_001897675.1	GCA_001897675.1	enriched	Thiobacillus	d__Bacteria;p__Pseudomonadota;c__Gammaproteobacteria;o__Burkholderiales;f__Thiobacillaceae;g__Thiobacillus;s__Thiobacillus sp001897675
RS_GCF_018854495.2	GCF_018854495.2	enriched	Acidithiobacillus	d__Bacteria;p__Pseudomonadota;c__Gammaproteobacteria;o__Acidithiobacillales;f__Acidithiobacillaceae;g__Acidithiobacillus;s__Acidithiobacillus ferruginosus
GB_GCA_021827445.1	GCA_021827445.1	enriched	Acidithiobacillus	d__Bacteria;p__Pseudomonadota;c__Gammaproteobacteria;o__Acidithiobacillales;f__Acidithiobacillaceae;g__Acidithiobacillus;s__Acidithiobacillus sp021827445
RS_GCF_018853445.1	GCF_018853445.1	enriched	Acidithiobacillus	d__Bacteria;p__Pseudomonadota;c__Gammaproteobacteria;o__Acidithiobacillales;f__Acidithiobacillaceae;g__Acidithiobacillus;s__Acidithiobacillus concretivorus
RS_GCF_000175575.2	GCF_000175575.2	enriched	Acidithiobacillus	d__Bacteria;p__Pseudomonadota;c__Gammaproteobacteria;o__Acidithiobacillales;f__Acidithiobacillaceae;g__Acidithiobacillus_A;s__Acidithiobacillus_A caldus
RS_GCF_010378095.2	GCF_010378095.2	enriched	Acidithiobacillus	d__Bacteria;p__Pseudomonadota;c__Gammaproteobacteria;o__Acidithiobacillales;f__Acidithiobacillaceae;g__Acidithiobacillus;s__Acidithiobacillus ferrianus
RS_GCF_049701075.1	GCF_049701075.1	enriched	Sulfurihydrogenibium	d__Bacteria;p__Aquificota;c__Aquificia;o__Aquificales;f__Hydrogenothermaceae;g__Sulfurihydrogenibium;s__Sulfurihydrogenibium sp002878035
RS_GCF_028276465.1	GCF_028276465.1	enriched	Sulfurihydrogenibium	d__Bacteria;p__Aquificota;c__Aquificia;o__Aquificales;f__Hydrogenothermaceae;g__Sulfurihydrogenibium;s__Sulfurihydrogenibium sp028276765
GB_GCA_037442825.1	GCA_037442825.1	enriched	Sulfurihydrogenibium	d__Bacteria;p__Aquificota;c__Aquificia;o__Aquificales;f__Hydrogenothermaceae;g__Sulfurihydrogenibium;s__Sulfurihydrogenibium sp037442825
GB_GCA_964648745.1	GCA_964648745.1	enriched	Sulfurihydrogenibium	d__Bacteria;p__Aquificota;c__Aquificia;o__Aquificales;f__Hydrogenothermaceae;g__Sulfurihydrogenibium;s__Sulfurihydrogenibium sp964648745
RS_GCF_000021545.1	GCF_000021545.1	enriched	Sulfurihydrogenibium	d__Bacteria;p__Aquificota;c__Aquificia;o__Aquificales;f__Hydrogenothermaceae;g__Sulfurihydrogenibium;s__Sulfurihydrogenibium azorense
GB_GCA_020721485.1	GCA_020721485.1	enriched	Halothiobacillus	d__Bacteria;p__Pseudomonadota;c__Gammaproteobacteria;o__Halothiobacillales;f__Halothiobacillaceae;g__Halothiobacillus;s__Halothiobacillus neapolitanus_B
RS_GCF_002282715.1	GCF_002282715.1	enriched	Halothiobacillus	d__Bacteria;p__Pseudomonadota;c__Gammaproteobacteria;o__Halothiobacillales;f__Halothiobacillaceae;g__Halothiobacillus;s__Halothiobacillus sp002282715
GB_GCA_002255225.1	GCA_002255225.1	enriched	Halothiobacillus	d__Bacteria;p__Pseudomonadota;c__Gammaproteobacteria;o__Halothiobacillales;f__Halothiobacillaceae;g__Halothiobacillus;s__Halothiobacillus sp002281295
GB_GCA_023255735.1	GCA_023255735.1	enriched	Halothiobacillus	d__Bacteria;p__Pseudomonadota;c__Gammaproteobacteria;o__Halothiobacillales;f__Halothiobacillaceae;g__Halothiobacillus;s__Halothiobacillus sp023255735
RS_GCF_027346185.1	GCF_027346185.1	enriched	Halothiobacillus	d__Bacteria;p__Pseudomonadota;c__Gammaproteobacteria;o__Halothiobacillales;f__Halothiobacillaceae;g__Halothiobacillus;s__Halothiobacillus sp021795795
GB_GCA_020722545.1	GCA_020722545.1	enriched	Thiomonas	d__Bacteria;p__Pseudomonadota;c__Gammaproteobacteria;o__Burkholderiales;f__Burkholderiaceae_C;g__Thiomonas;s__Thiomonas intermedia_B
GB_GCA_019351955.1	GCA_019351955.1	enriched	Thiomonas	d__Bacteria;p__Pseudomonadota;c__Gammaproteobacteria;o__Burkholderiales;f__Burkholderiaceae_C;g__Thiomonas_A;s__Thiomonas_A sp019351955
GB_GCA_027308005.1	GCA_027308005.1	enriched	Thiomonas	d__Bacteria;p__Pseudomonadota;c__Gammaproteobacteria;o__Burkholderiales;f__Burkholderiaceae_C;g__Thiomonas_A;s__Thiomonas_A sp027311065
GB_GCA_021805805.1	GCA_021805805.1	enriched	Thiomonas	d__Bacteria;p__Pseudomonadota;c__Gammaproteobacteria;o__Burkholderiales;f__Burkholderiaceae_C;g__Thiomonas_A;s__Thiomonas_A sp021805805
RS_GCF_027443685.1	GCF_027443685.1	enriched	Thiomonas	d__Bacteria;p__Pseudomonadota;c__Gammaproteobacteria;o__Burkholderiales;f__Burkholderiaceae_C;g__Thiomonas_A;s__Thiomonas_A sp021830925
GB_GCA_964563675.1	GCA_964563675.1	enriched	Sulfurospirillum	d__Bacteria;p__Campylobacterota;c__Campylobacteria;o__Campylobacterales;f__Sulfurospirillaceae;g__Sulfurospirillum_A;s__Sulfurospirillum_A sp964563675
RS_GCF_000789415.1	GCF_000789415.1	enriched	Sulfurospirillum	d__Bacteria;p__Campylobacterota;c__Campylobacteria;o__Campylobacterales;f__Sulfurospirillaceae;g__Sulfurospirillum;s__Sulfurospirillum cavolei
RS_GCF_000743525.1	GCF_000743525.1	enriched	Sulfurospirillum	d__Bacteria;p__Campylobacterota;c__Campylobacteria;o__Campylobacterales;f__Sulfurospirillaceae;g__Sulfurospirillum;s__Sulfurospirillum sp000743525
RS_GCF_001548055.1	GCF_001548055.1	enriched	Sulfurospirillum	d__Bacteria;p__Campylobacterota;c__Campylobacteria;o__Campylobacterales;f__Sulfurospirillaceae;g__Sulfurospirillum;s__Sulfurospirillum sp001602955
GB_GCA_018058685.1	GCA_018058685.1	enriched	Sulfurospirillum	d__Bacteria;p__Campylobacterota;c__Campylobacteria;o__Campylobacterales;f__Sulfurospirillaceae;g__Sulfurospirillum;s__Sulfurospirillum sp018058685
RS_GCF_013032455.1	GCF_013032455.1	enriched	Ruegeria_DMSP	d__Bacteria;p__Pseudomonadota;c__Alphaproteobacteria;o__Rhodobacterales;f__Rhodobacteraceae;g__Ruegeria;s__Ruegeria atlantica_B
RS_GCF_000814005.1	GCF_000814005.1	enriched	Ruegeria_DMSP	d__Bacteria;p__Pseudomonadota;c__Alphaproteobacteria;o__Rhodobacterales;f__Rhodobacteraceae;g__Ruegeria;s__Ruegeria sp000814005
GB_GCA_030426685.1	GCA_030426685.1	enriched	Ruegeria_DMSP	d__Bacteria;p__Pseudomonadota;c__Alphaproteobacteria;o__Rhodobacterales;f__Rhodobacteraceae;g__Ruegeria;s__Ruegeria sp030426685
RS_GCF_040329455.1	GCF_040329455.1	enriched	Ruegeria_DMSP	d__Bacteria;p__Pseudomonadota;c__Alphaproteobacteria;o__Rhodobacterales;f__Rhodobacteraceae;g__Ruegeria;s__Ruegeria atlantica_E
GB_GCA_000158135.1	GCA_000158135.1	enriched	Ruegeria_DMSP	d__Bacteria;p__Pseudomonadota;c__Alphaproteobacteria;o__Rhodobacterales;f__Rhodobacteraceae;g__Ruegeria;s__Ruegeria sp000158135
RS_GCF_039970775.1	GCF_039970775.1	enriched	Roseobacter_DMSP	d__Bacteria;p__Pseudomonadota;c__Alphaproteobacteria;o__Rhodobacterales;f__Rhodobacteraceae;g__Roseobacter;s__Roseobacter sp039970775
RS_GCF_947488185.1	GCF_947488185.1	enriched	Roseobacter_DMSP	d__Bacteria;p__Pseudomonadota;c__Alphaproteobacteria;o__Rhodobacterales;f__Rhodobacteraceae;g__Roseobacter;s__Roseobacter sp947488185
GB_GCA_039941255.1	GCA_039941255.1	enriched	Roseobacter_DMSP	d__Bacteria;p__Pseudomonadota;c__Alphaproteobacteria;o__Rhodobacterales;f__Rhodobacteraceae;g__Roseobacter;s__Roseobacter sp039983935
GB_GCA_041557855.1	GCA_041557855.1	enriched	Roseobacter_DMSP	d__Bacteria;p__Pseudomonadota;c__Alphaproteobacteria;o__Rhodobacterales;f__Rhodobacteraceae;g__Roseobacter;s__Roseobacter sp041557855
GB_GCA_039196345.1	GCA_039196345.1	enriched	Roseobacter_DMSP	d__Bacteria;p__Pseudomonadota;c__Alphaproteobacteria;o__Rhodobacterales;f__Rhodobacteraceae;g__Roseobacter;s__Roseobacter sp039196345
RS_GCF_003611275.1	GCF_003611275.1	enriched	Sulfitobacter_DMSP	d__Bacteria;p__Pseudomonadota;c__Alphaproteobacteria;o__Rhodobacterales;f__Rhodobacteraceae;g__Sulfitobacter;s__Sulfitobacter profundi
GB_GCA_026421135.1	GCA_026421135.1	enriched	Sulfitobacter_DMSP	d__Bacteria;p__Pseudomonadota;c__Alphaproteobacteria;o__Rhodobacterales;f__Rhodobacteraceae;g__Sulfitobacter;s__Sulfitobacter sp026421135
RS_GCF_013282155.1	GCF_013282155.1	enriched	Sulfitobacter_DMSP	d__Bacteria;p__Pseudomonadota;c__Alphaproteobacteria;o__Rhodobacterales;f__Rhodobacteraceae;g__Sulfitobacter;s__Sulfitobacter sp013282155
GB_GCA_051252055.1	GCA_051252055.1	enriched	Sulfitobacter_DMSP	d__Bacteria;p__Pseudomonadota;c__Alphaproteobacteria;o__Rhodobacterales;f__Rhodobacteraceae;g__Sulfitobacter;s__Sulfitobacter sp051252055
GB_GCA_965660425.1	GCA_965660425.1	enriched	Sulfitobacter_DMSP	d__Bacteria;p__Pseudomonadota;c__Alphaproteobacteria;o__Rhodobacterales;f__Rhodobacteraceae;g__Sulfitobacter;s__Sulfitobacter sp965660425
GB_GCA_023150835.1	GCA_023150835.1	backbone	p__Myxococcota_C	d__Bacteria;p__Myxococcota_C;c__UBA6777;o__UBA6777;f__UBA6777;g__JAKLKB01;s__JAKLKB01 sp023150835
GB_GCA_002010385.1	GCA_002010385.1	backbone	p__Bipolaricaulota	d__Bacteria;p__Bipolaricaulota;c__Bipolaricaulia;o__Bipolaricaulales;f__Bipolaricaulaceae;g__UBA3571;s__UBA3571 sp002375995
GB_GCA_050173015.1	GCA_050173015.1	backbone	p__Calditrichota	d__Bacteria;p__Calditrichota;c__Calditrichia;o__Calditrichales;f__JBFXGD01;g__JBFXGD01;s__JBFXGD01 sp050173015
GB_GCA_023128455.1	GCA_023128455.1	backbone	p__Campylobacterota_A	d__Bacteria;p__Campylobacterota_A;c__Desulfurellia;o__JAGGSF01;f__JAGGSF01;g__JAGGSF01;s__JAGGSF01 sp023128455
GB_GCA_038825355.1	GCA_038825355.1	backbone	p__Thermoproteota	d__Archaea;p__Thermoproteota;c__Bathyarchaeia;o__40CM-2-53-6;f__DTGE01;g__DTGE01;s__DTGE01 sp038825355
GB_GCA_030491005.1	GCA_030491005.1	backbone	p__Campylobacterota	d__Bacteria;p__Campylobacterota;c__Campylobacteria;o__Campylobacterales;f__Arcobacteraceae;g__BB30;s__BB30 sp030491005
GB_GCA_964652335.1	GCA_964652335.1	backbone	p__B1Sed10-29	d__Archaea;p__B1Sed10-29;c__B1Sed10-29;o__WALL01;f__WAMD01;g__WAMD01;s__WAMD01 sp964652335
GB_GCA_944358455.1	GCA_944358455.1	backbone	p__Bacillota_I	d__Bacteria;p__Bacillota_I;c__Bacilli_A;o__RF39;f__UBA660;g__CALVRE01;s__CALVRE01 sp944358455
GB_GCA_964519305.1	GCA_964519305.1	backbone	p__SpSt-1190	d__Archaea;p__SpSt-1190;c__SpSt-1190;o__JASMDC01;f__JASMDC01;g__JASMDC01;s__JASMDC01 sp964519305
GB_GCA_040757115.1	GCA_040757115.1	backbone	p__UBA9089	d__Bacteria;p__UBA9089;c__CG2-30-40-21;o__CG2-30-40-21;f__SBAY01;g__JBFLXS01;s__JBFLXS01 sp040757115
GB_GCA_021158465.1	GCA_021158465.1	backbone	p__UBP14	d__Bacteria;p__UBP14;c__UBA6098;o__4484-93;f__4484-93;g__4484-93;s__4484-93 sp021158465
GB_GCA_046497485.1	GCA_046497485.1	backbone	p__Nanohalarchaeota	d__Archaea;p__Nanohalarchaeota;c__Nanosalinia;o__Nanosalinales;f__Nanosalinaceae;g__B1-Br10-U2g21;s__B1-Br10-U2g21 sp046497485
GB_GCA_964387285.1	GCA_964387285.1	backbone	p__Zhuqueibacterota	d__Bacteria;p__Zhuqueibacterota;c__Zhuqueibacteria;o__Residuimicrobiales;f__Residuimicrobiaceae;g__Anaerohabitans;s__Anaerohabitans sp964387285
RS_GCF_000212395.1	GCF_000212395.1	backbone	p__Thermodesulfobiota	d__Bacteria;p__Thermodesulfobiota;c__Thermodesulfobiia;o__Thermodesulfobiales;f__Thermodesulfobiaceae;g__Thermodesulfobium;s__Thermodesulfobium narugense
GB_GCA_041690355.1	GCA_041690355.1	backbone	p__J088	d__Bacteria;p__J088;c__JAWLBW01;o__JAWLBW01;f__JAWLBW01;g__JAWLHK01;s__JAWLHK01 sp041690355
GB_GCA_030698575.1	GCA_030698575.1	backbone	p__JAUYMQ01	d__Bacteria;p__JAUYMQ01;c__JAUYMQ01;o__JAUYMQ01;f__JAUYMQ01;g__JAUYMQ01;s__JAUYMQ01 sp030698575
GB_GCA_030615855.1	GCA_030615855.1	backbone	p__UBP18	d__Bacteria;p__UBP18;c__UBA7526;o__UBA7526;f__UBA7526;g__JAUWXM01;s__JAUWXM01 sp030615855
GB_GCA_043817485.1	GCA_043817485.1	backbone	p__JBDRGX01	d__Bacteria;p__JBDRGX01;c__JBDRGX01;o__JBDRGX01;f__JBDRGX01;g__JBDRGX01;s__JBDRGX01 sp043817485
GB_GCA_014729705.1	GCA_014729705.1	backbone	p__Altiarchaeota	d__Archaea;p__Altiarchaeota;c__Altiarchaeia;o__IMC4;f__SCGC-AAA252-I15;g__WJJK01;s__WJJK01 sp014729705
GB_GCA_964644695.1	GCA_964644695.1	backbone	p__UBP4	d__Bacteria;p__UBP4;c__UBA4092;o__UBA4092;f__UBA4092;g__CAZXWN01;s__CAZXWN01 sp964644695
GB_GCA_001803565.1	GCA_001803565.1	backbone	p__2-12-FULL-45-22	d__Bacteria;p__2-12-FULL-45-22;c__2-12-FULL-45-22;o__2-12-FULL-45-22;f__2-12-FULL-45-22;g__2-12-FULL-45-22;s__2-12-FULL-45-22 sp001803565
GB_GCA_030602715.1	GCA_030602715.1	backbone	p__RBG-13-66-14	d__Bacteria;p__RBG-13-66-14;c__B26-G2;o__B26-G2;f__JAUVZD01;g__JAUVZD01;s__JAUVZD01 sp030602715
GB_GCA_050251945.1	GCA_050251945.1	backbone	p__Chrysiogenota	d__Bacteria;p__Chrysiogenota;c__Deferribacteres;o__Deferribacterales;f__Geovibrionaceae;g__Seleniivibrio;s__Seleniivibrio sp050251945
GB_GCA_964389675.1	GCA_964389675.1	backbone	p__CAYMEV01	d__Bacteria;p__CAYMEV01;c__CAYMEV01;o__CAYMEV01;f__CAYMEV01;g__CAYMEV01;s__CAYMEV01 sp964389675
GB_GCA_001799195.1	GCA_001799195.1	backbone	p__Bdellovibrionota_F	d__Bacteria;p__Bdellovibrionota_F;c__JAHFAK01;o__YA12-FULL-61-11;f__YA12-FULL-61-11;g__YA12-FULL-61-11;s__YA12-FULL-61-11 sp001799195
GB_GCA_036824335.1	GCA_036824335.1	backbone	p__Edwardsbacteria	d__Bacteria;p__Edwardsbacteria;c__AC1;o__AC1;f__EtOH8;g__CALGNM01;s__CALGNM01 sp937958665
GB_GCA_028700425.1	GCA_028700425.1	backbone	p__Spirochaetota	d__Bacteria;p__Spirochaetota;c__Spirochaetia;o__Sphaerochaetales;f__Sphaerochaetaceae;g__JAQVSP01;s__JAQVSP01 sp028700425
GB_GCA_001782795.1	GCA_001782795.1	backbone	p__Lindowbacteria	d__Bacteria;p__Lindowbacteria;c__2-12-FULL-62-27;o__2-12-FULL-62-27;f__2-12-FULL-62-27;g__2-12-FULL-62-27;s__2-12-FULL-62-27 sp001784175
GB_GCA_945786985.1	GCA_945786985.1	backbone	p__CG2-30-53-67	d__Bacteria;p__CG2-30-53-67;c__CG2-30-53-67;o__CG2-30-53-67;f__CG2-30-53-67;g__CALZGC01;s__CALZGC01 sp945786985
GB_GCA_038890115.1	GCA_038890115.1	backbone	p__Nanobdellota	d__Archaea;p__Nanobdellota;c__Nanobdellia;o__Woesearchaeales;f__ARS49;g__JAWADY01;s__JAWADY01 sp038891615
GB_GCA_903831375.1	GCA_903831375.1	backbone	p__Chlamydiota	d__Bacteria;p__Chlamydiota;c__Chlamydiia;o__Chlamydiales;f__SM23-39;g__CAISYW01;s__CAISYW01 sp903889795
GB_GCA_031551405.1	GCA_031551405.1	backbone	p__RUG730	d__Bacteria;p__RUG730;c__RUG730;o__RUG730;f__RUG730;g__JAVBNQ01;s__JAVBNQ01 sp031551405
GB_GCA_030615405.1	GCA_030615405.1	backbone	p__Aerophobota	d__Bacteria;p__Aerophobota;c__Aerophobia;o__Aerophobales;f__AE-B3A;g__JAUWRC01;s__JAUWRC01 sp030640665
GB_GCA_964372275.1	GCA_964372275.1	backbone	p__CAYJRR01	d__Bacteria;p__CAYJRR01;c__CAYJRR01;o__CAYJRR01;f__CAYJRR01;g__CAYJRR01;s__CAYJRR01 sp964372275
GB_GCA_023143305.1	GCA_023143305.1	backbone	p__CBDUZB01	d__Bacteria;p__CBDUZB01;c__JAGLHV01;o__JAGLHV01;f__JAGLHV01;g__JAGLHV01;s__JAGLHV01 sp023143305
GB_GCA_024275095.1	GCA_024275095.1	backbone	p__JAJRZV01	d__Bacteria;p__JAJRZV01;c__JAJRZV01;o__JAJRZV01;f__JAJRZV01;g__JAJRZV01;s__JAJRZV01 sp024275095
GB_GCA_963665755.1	GCA_963665755.1	backbone	p__JAAXHH01	d__Bacteria;p__JAAXHH01;c__JAAXHH01;o__JAAXHH01;f__JAAXHH01;g__JAAXHH01;s__JAAXHH01 sp963665755
GB_GCA_003232385.1	GCA_003232385.1	backbone	p__SZUA-79	d__Bacteria;p__SZUA-79;c__SZUA-79;o__Acidulodesulfobacterales;f__Acidulodesulfobacteraceae;g__QIJE01;s__QIJE01 sp003232385
GB_GCA_003558335.1	GCA_003558335.1	backbone	p__Methanobacteriota_B	d__Archaea;p__Methanobacteriota_B;c__Thermococci;o__Methanofastidiosales;f__Methanofastidiosaceae;g__Methanofastidiosum;s__Methanofastidiosum sp003558335
GB_GCA_016180645.1	GCA_016180645.1	backbone	p__JACPQY01	d__Bacteria;p__JACPQY01;c__JACPQY01;o__JACPQY01;f__JACPQY01;g__JACPAV01;s__JACPAV01 sp016180645
GB_GCA_026987085.1	GCA_026987085.1	backbone	p__Aquificota	d__Bacteria;p__Aquificota;c__Aquificia;o__Aquificales;f__QOAS01;g__QOAS01;s__QOAS01 sp026987085
GB_GCA_964469765.1	GCA_964469765.1	backbone	p__UBA6262	d__Bacteria;p__UBA6262;c__WVXT01;o__CAYYAU01;f__CAYYAU01;g__CAYYAU01;s__CAYYAU01 sp964469765
GB_GCA_964610505.1	GCA_964610505.1	backbone	p__Arandabacterota	d__Bacteria;p__Arandabacterota;c__Arandabacteria;o__JAGLYR01;f__JAGLYR01;g__CAZSXU01;s__CAZSXU01 sp964610505
GB_GCA_041675285.1	GCA_041675285.1	backbone	p__CAIWAD01	d__Bacteria;p__CAIWAD01;c__CAIWAD01;o__CAIWAD01;f__CAIWAD01;g__CAIWAD01;s__CAIWAD01 sp041675285
RS_GCF_025421555.1	GCF_025421555.1	backbone	p__Pseudomonadota	d__Bacteria;p__Pseudomonadota;c__Gammaproteobacteria;o__Burkholderiales;f__Burkholderiaceae_C;g__Comamonas;s__Comamonas bellezanensis
GB_GCA_030636965.1	GCA_030636965.1	backbone	p__BMS3Abin14	d__Bacteria;p__BMS3Abin14;c__BMS3Abin14;o__BMS3Abin14;f__BMS3Abin14;g__SZUA-178;s__SZUA-178 sp030636965
GB_GCA_964404325.1	GCA_964404325.1	backbone	p__Bdellovibrionota_B	d__Bacteria;p__Bdellovibrionota_B;c__Oligoflexia;o__Oligoflexales;f__Oligoflexaceae;g__CAYOJQ01;s__CAYOJQ01 sp964404325
GB_GCA_035391585.1	GCA_035391585.1	backbone	p__Macinerneyibacteriota	d__Bacteria;p__Macinerneyibacteriota;c__Macinerneyibacteria;o__Macinerneyibacteriales;f__DSCS01;g__DSCS01;s__DSCS01 sp035391585
GB_GCA_965370845.1	GCA_965370845.1	backbone	p__SM23-81	d__Bacteria;p__SM23-81;c__SM23-81;o__SM23-81;f__SM23-81;g__DAOVRJ01;s__DAOVRJ01 sp965370845
GB_GCA_027062325.1	GCA_027062325.1	backbone	p__JAMOTN01	d__Bacteria;p__JAMOTN01;c__JAMOTN01;o__JAMOTN01;f__JAMOTN01;g__JAMOTN01;s__JAMOTN01 sp027062325
GB_GCA_026388015.1	GCA_026388015.1	backbone	p__Oederibacteriota	d__Bacteria;p__Oederibacteriota;c__D2-FULL-39-29;o__D2-FULL-39-29;f__D2-FULL-39-29;g__D2-FULL-39-29;s__D2-FULL-39-29 sp026388015
GB_GCA_040772385.1	GCA_040772385.1	backbone	p__Moduliflexota	d__Bacteria;p__Moduliflexota;c__Moduliflexia;o__Moduliflexales;f__Moduliflexaceae;g__Vecturithrix;s__Vecturithrix sp040772385
GB_GCA_964567215.1	GCA_964567215.1	backbone	p__Atribacterota	d__Bacteria;p__Atribacterota;c__Phoenicimicrobiia;o__Phoenicimicrobiales;f__Phoenicimicrobiaceae;g__JAYEGH01;s__JAYEGH01 sp964567215
GB_GCA_964513745.1	GCA_964513745.1	backbone	p__JAUVQV01	d__Bacteria;p__JAUVQV01;c__JAUVQV01;o__JAUVQV01;f__DATDCY01;g__DATDCY01;s__DATDCY01 sp964513745
GB_GCA_013139905.1	GCA_013139905.1	backbone	p__EX4484-52	d__Archaea;p__EX4484-52;c__EX4484-52;o__EX4484-52;f__B79-G9;g__GLR112;s__GLR112 sp013139905
GB_GCA_016192455.1	GCA_016192455.1	backbone	p__JACPUC01	d__Bacteria;p__JACPUC01;c__JACPUC01;o__JACPUC01;f__JACPUC01;g__JACPUC01;s__JACPUC01 sp016192455
GB_GCA_964397735.1	GCA_964397735.1	backbone	p__UBP7	d__Bacteria;p__UBP7;c__UBA6624;o__UBA6624;f__UBA6624;g__UBA6624;s__UBA6624 sp964397735
GB_GCA_034717985.1	GCA_034717985.1	backbone	p__CAZDME01	d__Bacteria;p__CAZDME01;c__JAYEMH01;o__JAYEMH01;f__JAYEMH01;g__JAYEMH01;s__JAYEMH01 sp034717985
GB_GCA_041393395.1	GCA_041393395.1	backbone	p__ARS69	d__Bacteria;p__ARS69;c__ARS69;o__ARS69;f__ARS69;g__JAGQIB01;s__JAGQIB01 sp041393395
GB_GCA_001871075.1	GCA_001871075.1	backbone	p__Desantisbacteria	d__Bacteria;p__Desantisbacteria;c__UBA1551;o__UBA1551;f__UBA1551;g__UBA1551;s__UBA1551 sp001871075
GB_GCA_013203855.1	GCA_013203855.1	backbone	p__Sumerlaeota	d__Bacteria;p__Sumerlaeota;c__Sumerlaeia;o__UBA8349;f__UBA8349;g__JABMPG01;s__JABMPG01 sp013203855
GB_GCA_964491175.1	GCA_964491175.1	backbone	p__Ratteibacteria	d__Bacteria;p__Ratteibacteria;c__UBA8468;o__MWAK01;f__MWAK01;g__JAHJUB01;s__JAHJUB01 sp964491175
GB_GCA_030671985.1	GCA_030671985.1	backbone	p__JAHJDO01	d__Bacteria;p__JAHJDO01;c__JAHJDO01;o__JAHJDO01;f__JAHJDO01;g__JAHJDO01;s__JAHJDO01 sp030671985
GB_GCA_023129325.1	GCA_023129325.1	backbone	p__Hydrothermota	d__Bacteria;p__Hydrothermota;c__UBA3073;o__JACQXS01;f__JAGMCI01;g__JAGMCI01;s__JAGMCI01 sp023129325
GB_GCA_039630415.1	GCA_039630415.1	backbone	p__DRYD01	d__Bacteria;p__DRYD01;c__DRYD01;o__DRYD01;f__DRYD01;g__DRYD01;s__DRYD01 sp039630415
GB_GCA_029933275.1	GCA_029933275.1	backbone	p__Chloroflexota	d__Bacteria;p__Chloroflexota;c__Anaerolineae;o__Anaerolineales;f__Villigracilaceae;g__Desulfolinea;s__Desulfolinea sp029933275
GB_GCA_964474885.1	GCA_964474885.1	backbone	p__Hadarchaeota	d__Archaea;p__Hadarchaeota;c__Hadarchaeia;o__Hadarchaeales;f__JAWBSP01;g__JAWBSP01;s__JAWBSP01 sp964474885
GB_GCA_964399265.1	GCA_964399265.1	backbone	p__Joyebacterota	d__Bacteria;p__Joyebacterota;c__Joyebacteria;o__Joyebacterales;f__Joyebacteraceae;g__WJLY01;s__WJLY01 sp964399265
RS_GCF_000737575.1	GCF_000737575.1	backbone	p__Cyanobacteriota	d__Bacteria;p__Cyanobacteriota;c__Cyanobacteriia;o__PCC-6307;f__Cyanobiaceae;g__Parasynechococcus;s__Parasynechococcus sp000737575
GB_GCA_964354375.1	GCA_964354375.1	backbone	p__JAJVIF01	d__Bacteria;p__JAJVIF01;c__JAJVIF01;o__JAPKYR01;f__JAPKYR01;g__CAYGZQ01;s__CAYGZQ01 sp964354375
GB_GCA_001304035.1	GCA_001304035.1	backbone	p__SM23-31	d__Bacteria;p__SM23-31;c__SM23-31;o__SM23-31;f__SM23-31;g__SM23-31;s__SM23-31 sp001304035
GB_GCA_022759145.1	GCA_022759145.1	backbone	p__Caldisericota	d__Bacteria;p__Caldisericota;c__Caldisericia;o__Caldisericales;f__Caldisericaceae;g__Caldisericum;s__Caldisericum sp022759145
GB_GCA_964480475.1	GCA_964480475.1	backbone	p__B130-G9	d__Bacteria;p__B130-G9;c__B130-G9;o__B130-G9;f__B130-G9;g__CAYZPW01;s__CAYZPW01 sp964480475
GB_GCA_013153205.1	GCA_013153205.1	backbone	p__Thermosulfidibacterota	d__Bacteria;p__Thermosulfidibacterota;c__Thermosulfidibacteria;o__Thermosulfidibacterales;f__Thermosulfidibacteraceae;g__JAADEW01;s__JAADEW01 sp013153205
GB_GCA_902386255.1	GCA_902386255.1	backbone	p__Halobacteriota	d__Archaea;p__Halobacteriota;c__Methanosarcinia;o__Methanosarcinales;f__Methanoperedenaceae;g__Methanoperedens;s__Methanoperedens sp902386255
GB_GCA_000522425.1	GCA_000522425.1	backbone	p__Tectomicrobia	d__Bacteria;p__Tectomicrobia;c__Entotheonellia;o__Entotheonellales;f__Entotheonellaceae;g__Entotheonella;s__Entotheonella factor
GB_GCA_964509425.1	GCA_964509425.1	backbone	p__Bdellovibrionota_C	d__Bacteria;p__Bdellovibrionota_C;c__UBA2361;o__SZUA-149;f__CAZDWZ01;g__CAZDWZ01;s__CAZDWZ01 sp964509425
GB_GCA_964609495.1	GCA_964609495.1	backbone	p__CAZSTA01	d__Bacteria;p__CAZSTA01;c__CAZSTA01;o__CAZSTA01;f__CAZSTA01;g__CAZSTA01;s__CAZSTA01 sp964609495
GB_GCA_964371695.1	GCA_964371695.1	backbone	p__CAYJOG01	d__Bacteria;p__CAYJOG01;c__CAYJOG01;o__CAYJOG01;f__CAYJOG01;g__CAYJOG01;s__CAYJOG01 sp964371695
GB_GCA_036444275.1	GCA_036444275.1	backbone	p__Hydrothermarchaeota	d__Archaea;p__Hydrothermarchaeota;c__Hydrothermarchaeia;o__Hydrothermarchaeales;f__JAZGAD01;g__JAZGAD01;s__JAZGAD01 sp036444275
GB_GCA_964460695.1	GCA_964460695.1	backbone	p__CAYQAE01	d__Archaea;p__CAYQAE01;c__CAYQAE01;o__CAYVLA01;f__CAYVLA01;g__CAYWSC01;s__CAYWSC01 sp964460695
GB_GCA_964448115.1	GCA_964448115.1	backbone	p__CAYUVA01	d__Bacteria;p__CAYUVA01;c__CAYUVA01;o__CAYUVA01;f__CAYUVA01;g__CAYUVA01;s__CAYUVA01 sp964448115
GB_GCA_024860865.1	GCA_024860865.1	backbone	p__JACRDV01	d__Archaea;p__JACRDV01;c__JACRDV01;o__JACRDV01;f__JACRDV01;g__JACRDV01;s__JACRDV01 sp024860865
GB_GCA_014730175.1	GCA_014730175.1	backbone	p__Zixibacteria	d__Bacteria;p__Zixibacteria;c__MSB-5A5;o__UM-FILTER-46-8;f__UM-FILTER-46-8;g__WJIR01;s__WJIR01 sp014730175
GB_GCA_016703535.1	GCA_016703535.1	backbone	p__Myxococcota	d__Bacteria;p__Myxococcota;c__Kuafuiibacteriia;o__Kuafuiibacteriales;f__Kuafuiibacteriaceae;g__Kuafuiibacterium;s__Kuafuiibacterium phototrophicum
GB_GCA_030620925.1	GCA_030620925.1	backbone	p__JAUXIQ01	d__Bacteria;p__JAUXIQ01;c__JAUXIQ01;o__JAUXIQ01;f__JAUXIQ01;g__JAUXIQ01;s__JAUXIQ01 sp030620925
GB_GCA_008933615.1	GCA_008933615.1	backbone	p__CLD3	d__Bacteria;p__CLD3;c__CLD3;o__SB21;f__SB21;g__SB21;s__SB21 sp008933615
GB_GCA_036477985.1	GCA_036477985.1	backbone	p__UBA8248	d__Bacteria;p__UBA8248;c__UBA8248;o__UBA8248;f__UBA8248;g__JAZGDQ01;s__JAZGDQ01 sp036477985
GB_GCA_001730085.1	GCA_001730085.1	backbone	p__GCA-001730085	d__Bacteria;p__GCA-001730085;c__GCA-001730085;o__GCA-001730085;f__GCA-001730085;g__GCA-001730085;s__GCA-001730085 sp001730085
GB_GCA_964520315.1	GCA_964520315.1	backbone	p__GCA-2686955	d__Bacteria;p__GCA-2686955;c__GCA-2686955;o__GCA-2686955;f__GCA-2686955;g__GCA-2686955;s__GCA-2686955 sp964520315
GB_GCA_038108555.1	GCA_038108555.1	backbone	p__Nitrospinota	d__Bacteria;p__Nitrospinota;c__Nitrospinia;o__Nitrospinales;f__VA-1;g__UBA8687;s__UBA8687 sp038108555
GB_GCA_026389015.1	GCA_026389015.1	backbone	p__Babelota	d__Bacteria;p__Babelota;c__Babeliae;o__Babelales;f__Vermiphilaceae;g__JAPLIR01;s__JAPLIR01 sp026389015
GB_GCA_964566495.1	GCA_964566495.1	backbone	p__T1Sed10-126	d__Bacteria;p__T1Sed10-126;c__T1Sed10-126;o__T1Sed10-126;f__T1Sed10-126;g__T1Sed10-126;s__T1Sed10-126 sp964566495
GB_GCA_002398225.1	GCA_002398225.1	backbone	p__UBP13	d__Bacteria;p__UBP13;c__UBA5359;o__UBA5359;f__UBA5359;g__UBA5359;s__UBA5359 sp002410925
GB_GCA_035288405.1	GCA_035288405.1	backbone	p__JACPSX01	d__Bacteria;p__JACPSX01;c__JACPSX01;o__JACPSX01;f__JACPSX01;g__JACPSX01;s__JACPSX01 sp035288405
GB_GCA_035353495.1	GCA_035353495.1	backbone	p__DAOPZR01	d__Bacteria;p__DAOPZR01;c__DAOPZR01;o__DAOPZR01;f__DAOPZR01;g__CAZFBR01;s__CAZFBR01 sp035353495
GB_GCA_016783505.1	GCA_016783505.1	backbone	p__BS750m-G25	d__Bacteria;p__BS750m-G25;c__BS750m-G25;o__BS750m-G25;f__BS750m-G25;g__BS750m-G25;s__BS750m-G25 sp016783505
GB_GCA_024275315.1	GCA_024275315.1	backbone	p__Nitrospinota_A	d__Bacteria;p__Nitrospinota_A;c__UBA7883;o__UBA7883;f__UBA7883;g__JAJRZK01;s__JAJRZK01 sp024275315
GB_GCA_043800495.1	GCA_043800495.1	backbone	p__Aenigmatarchaeota	d__Archaea;p__Aenigmatarchaeota;c__Aenigmatarchaeia;o__GW2011-AR5;f__JACRAC01;g__JACRAC01;s__JACRAC01 sp043800495
GB_GCA_031432495.1	GCA_031432495.1	backbone	p__Sysuimicrobiota	d__Bacteria;p__Sysuimicrobiota;c__Sysuimicrobiia;o__Sysuimicrobiales;f__Sysuimicrobiaceae;g__Caldifonticola;s__Caldifonticola tengchongensis
GB_GCA_964420375.1	GCA_964420375.1	backbone	p__RBG-13-61-14	d__Bacteria;p__RBG-13-61-14;c__RBG-13-61-14;o__RBG-13-61-14;f__DATKZS01;g__CAYQTK01;s__CAYQTK01 sp964420375
GB_GCA_045615885.1	GCA_045615885.1	backbone	p__Fibrobacterota	d__Bacteria;p__Fibrobacterota;c__Fibrobacteria;o__Fibrobacterales;f__Fibrobacteraceae;g__UBA1765;s__UBA1765 sp045615885
GB_GCA_964548165.1	GCA_964548165.1	backbone	p__UBA8481	d__Bacteria;p__UBA8481;c__UBA8481;o__UBA8481;f__UBA8481;g__CAZJQD01;s__CAZJQD01 sp964548165
GB_GCA_001797465.1	GCA_001797465.1	backbone	p__Desulfobacterota	d__Bacteria;p__Desulfobacterota;c__GWC2-55-46;o__GWC2-55-46;f__GWC2-55-46;g__GWB2-55-19;s__GWB2-55-19 sp001797465
GB_GCA_027491485.1	GCA_027491485.1	backbone	p__Korarchaeota	d__Archaea;p__Korarchaeota;c__Korarchaeia;o__Korarchaeales;f__Korarchaeaceae;g__Korarchaeum;s__Korarchaeum sp027491485
GB_GCA_020849855.1	GCA_020849855.1	backbone	p__4484-113	d__Bacteria;p__4484-113;c__4484-113;o__4484-113;f__JAFGCY01;g__JADZFO01;s__JADZFO01 sp020849855
GB_GCA_016202395.1	GCA_016202395.1	backbone	p__JACQOV01	d__Bacteria;p__JACQOV01;c__JACQOV01;o__JACQOV01;f__JACQOV01;g__JACQOV01;s__JACQOV01 sp016202395
GB_GCA_016934675.1	GCA_016934675.1	backbone	p__CSSED10-310	d__Bacteria;p__CSSED10-310;c__JAFGSJ01;o__JAFGSJ01;f__JAFGSJ01;g__JAFGSJ01;s__JAFGSJ01 sp016934675
GB_GCA_046760505.1	GCA_046760505.1	backbone	p__CAYFZR01	d__Archaea;p__CAYFZR01;c__CAYFZR01;o__CAYFZR01;f__CAYFZR01;g__CAYFZR01;s__CAYFZR01 sp046760505
GB_GCA_022545375.1	GCA_022545375.1	backbone	p__JADFOP01	d__Bacteria;p__JADFOP01;c__JADFOP01;o__JADFOP01;f__JADFOP01;g__JADFOP01;s__JADFOP01 sp022562795
GB_GCA_002084765.1	GCA_002084765.1	backbone	p__4572-55	d__Bacteria;p__4572-55;c__4572-55;o__4572-55;f__4572-55;g__4572-55;s__4572-55 sp002084765
GB_GCA_964513605.1	GCA_964513605.1	backbone	p__Bacillota	d__Bacteria;p__Bacillota;c__Clostridia;o__Oscillospirales;f__Oscillospiraceae;g__Faecousia;s__Faecousia sp964513605
GB_GCA_020061125.1	GCA_020061125.1	backbone	p__UBP15	d__Bacteria;p__UBP15;c__UBA6099;o__UBA6099;f__DSWB01;g__DSWB01;s__DSWB01 sp020061125
GB_GCA_052033935.1	GCA_052033935.1	backbone	p__Armatimonadota	d__Bacteria;p__Armatimonadota;c__UBA5829;o__DSUL01;f__DSUL01;g__JAGVUD01;s__JAGVUD01 sp052033935
GB_GCA_026985515.1	GCA_026985515.1	backbone	p__JALSQH01	d__Bacteria;p__JALSQH01;c__JALSQH01;o__JALSQH01;f__JALSQH01;g__JALSQH01;s__JALSQH01 sp026985515
GB_GCA_020722945.1	GCA_020722945.1	backbone	p__DYJV01	d__Bacteria;p__DYJV01;c__DYJV01;o__DYJV01;f__DYJV01;g__DYJV01;s__DYJV01 sp020722945
GB_GCA_049967555.1	GCA_049967555.1	backbone	p__Micrarchaeota	d__Archaea;p__Micrarchaeota;c__Micrarchaeia;o__Micrarchaeales;f__CABMGC01;g__JAGDYD01;s__JAGDYD01 sp049967555
GB_GCA_002441095.1	GCA_002441095.1	backbone	p__CAYTYR01	d__Bacteria;p__CAYTYR01;c__UBA6262;o__UBA6262;f__UBA6262;g__UBA6262;s__UBA6262 sp002441095
GB_GCA_020348925.1	GCA_020348925.1	backbone	p__JBHIER01	d__Bacteria;p__JBHIER01;c__G020348925;o__G020348925;f__G020348925;g__G020348925;s__G020348925 sp020348925
GB_GCA_015062115.1	GCA_015062115.1	backbone	p__Elusimicrobiota	d__Bacteria;p__Elusimicrobiota;c__Elusimicrobia;o__Elusimicrobiales;f__Elusimicrobiaceae;g__Avelusimicrobium;s__Avelusimicrobium sp015062115
GB_GCA_016283195.1	GCA_016283195.1	backbone	p__JAEEML01	d__Bacteria;p__JAEEML01;c__JAEEML01;o__JAEEML01;f__JAEEML01;g__JAEEML01;s__JAEEML01 sp016283195
GB_GCA_947491025.1	GCA_947491025.1	backbone	p__Myxococcota_A	d__Bacteria;p__Myxococcota_A;c__UBA9042;o__UBA9042;f__UBA9042;g__SXNM01;s__SXNM01 sp947491025
GB_GCA_027063545.1	GCA_027063545.1	backbone	p__JAMORN01	d__Bacteria;p__JAMORN01;c__JAMORN01;o__JAMORN01;f__JAMORN01;g__JAMORN01;s__JAMORN01 sp027063545
GB_GCA_037439705.1	GCA_037439705.1	backbone	p__JBBIVP01	d__Bacteria;p__JBBIVP01;c__JBBIVP01;o__JBBIVP01;f__JBBIVP01;g__JBBIVP01;s__JBBIVP01 sp037439705
GB_GCA_018812925.1	GCA_018812925.1	backbone	p__CAIJMQ01	d__Bacteria;p__CAIJMQ01;c__CAIJMQ01;o__CAIJMQ01;f__CAIJMQ01;g__CAZNJA01;s__CAZNJA01 sp018812925
GB_GCA_046539725.1	GCA_046539725.1	backbone	p__Hydrogenedentota	d__Bacteria;p__Hydrogenedentota;c__Hydrogenedentia;o__Hydrogenedentales;f__SLHB01;g__SKRY01;s__SKRY01 sp046540175
GB_GCA_035484035.1	GCA_035484035.1	backbone	p__Verrucomicrobiota	d__Bacteria;p__Verrucomicrobiota;c__Verrucomicrobiia;o__Chthoniobacterales;f__JAFAMB01;g__JAFAMB01;s__JAFAMB01 sp035484035
GB_GCA_016927185.1	GCA_016927185.1	backbone	p__JAFGND01	d__Bacteria;p__JAFGND01;c__JAFGND01;o__JAFGND01;f__JAFGND01;g__JAFGND01;s__JAFGND01 sp016927185
GB_GCA_016866785.1	GCA_016866785.1	backbone	p__Poribacteria	d__Bacteria;p__Poribacteria;c__WGA-4E;o__GCA-2687025;f__GCA-2687025;g__VGLH01;s__VGLH01 sp016866785
GB_GCA_030620115.1	GCA_030620115.1	backbone	p__JAFGKV01	d__Bacteria;p__JAFGKV01;c__JAFGKV01;o__JAFGKV01;f__JAFGKV01;g__JAUXFG01;s__JAUXFG01 sp030620115
GB_GCA_964447955.1	GCA_964447955.1	backbone	p__Blakebacterota	d__Bacteria;p__Blakebacterota;c__Blakebacteria;o__Blakebacterales;f__CAYUVJ01;g__CAYUVJ01;s__CAYUVJ01 sp964447955
GB_GCA_030615145.1	GCA_030615145.1	backbone	p__Asgardarchaeota	d__Archaea;p__Asgardarchaeota;c__Lokiarchaeia;o__Sigyniarchaeales;f__SOKP01;g__SOKP01;s__SOKP01 sp030615145
GB_GCA_017995405.1	GCA_017995405.1	backbone	p__Cloacimonadota	d__Bacteria;p__Cloacimonadota;c__Cloacimonadia;o__Cloacimonadales;f__Cloacimonadaceae;g__UBA3900;s__UBA3900 sp017995405
GB_GCA_017997825.1	GCA_017997825.1	backbone	p__JAGOEH01	d__Bacteria;p__JAGOEH01;c__JAGOEH01;o__JAGOEH01;f__JAGOEH01;g__JAGOEH01;s__JAGOEH01 sp017997825
GB_GCA_001790675.1	GCA_001790675.1	backbone	p__Schekmanbacteria	d__Bacteria;p__Schekmanbacteria;c__GWA2-38-11;o__GWA2-38-11;f__GWA2-38-11;g__2-02-FULL-38-14-A;s__2-02-FULL-38-14-A sp001790855
GB_GCA_945889655.1	GCA_945889655.1	backbone	p__Gemmatimonadota	d__Bacteria;p__Gemmatimonadota;c__Gemmatimonadetes;o__Gemmatimonadales;f__GWC2-71-9;g__SHZT01;s__SHZT01 sp945889655
GB_GCA_964524645.1	GCA_964524645.1	backbone	p__Krumholzibacteriota	d__Bacteria;p__Krumholzibacteriota;c__Krumholzibacteriia;o__LZORAL124-64-63;f__LZORAL124-64-63;g__CAZGEC01;s__CAZGEC01 sp964524645
GB_GCA_034679345.1	GCA_034679345.1	backbone	p__Eisenbacteria	d__Bacteria;p__Eisenbacteria;c__RBG-16-71-46;o__CAIMUX01;f__VGJL01;g__JAXDAY01;s__JAXDAY01 sp034679345
GB_GCA_964401205.1	GCA_964401205.1	backbone	p__Undinarchaeota	d__Archaea;p__Undinarchaeota;c__Undinarchaeia;o__Undinarchaeales;f__Naiadarchaeaceae;g__CAYNXO01;s__CAYNXO01 sp964401205
GB_GCA_025363775.1	GCA_025363775.1	backbone	p__Acidobacteriota	d__Bacteria;p__Acidobacteriota;c__Vicinamibacteria;o__Vicinamibacterales;f__Fen-181;g__FEN-299;s__FEN-299 sp025363775
GB_GCA_016929715.1	GCA_016929715.1	backbone	p__SDB-A	d__Bacteria;p__SDB-A;c__SDB-A;o__SDB-A;f__SDB-A;g__JAFGIG01;s__JAFGIG01 sp016929715
GB_GCA_016934595.1	GCA_016934595.1	backbone	p__SZUA-182	d__Bacteria;p__SZUA-182;c__SZUA-182;o__DTGQ01;f__JAFGSM01;g__JAFGSM01;s__JAFGSM01 sp016934595
GB_GCA_964582955.1	GCA_964582955.1	backbone	p__Fidelibacterota	d__Bacteria;p__Fidelibacterota;c__Marinisomatia;o__Marinisomatales;f__AB-629-J13;g__AB-629-J13;s__AB-629-J13 sp964582955
GB_GCA_965240465.1	GCA_965240465.1	backbone	p__SAR324	d__Bacteria;p__SAR324;c__SAR324;o__SAR324;f__JACQKK01;g__G965240465;s__G965240465 sp965240465
GB_GCA_030691545.1	GCA_030691545.1	backbone	p__Auribacterota	d__Bacteria;p__Auribacterota;c__JABMQX01;o__JABMQX01;f__JABMQX01;g__JAUYEE01;s__JAUYEE01 sp030691545
GB_GCA_964453435.1	GCA_964453435.1	backbone	p__Abyssobacteria	d__Bacteria;p__Abyssobacteria;c__SURF-5;o__SURF-5;f__SURF-5;g__CAYVQZ01;s__CAYVQZ01 sp964453435
GB_GCA_041640455.1	GCA_041640455.1	backbone	p__CALINM01	d__Bacteria;p__CALINM01;c__CALINM01;o__CALINM01;f__CALINM01;g__JAOAGA01;s__JAOAGA01 sp041640455
GB_GCA_045633865.1	GCA_045633865.1	backbone	p__Bacteroidota	d__Bacteria;p__Bacteroidota;c__Bacteroidia;o__Bacteroidales;f__Paludibacteraceae;g__Enterocola;s__Enterocola sp045633865
GB_GCA_964429075.1	GCA_964429075.1	backbone	p__CAYSBA01	d__Bacteria;p__CAYSBA01;c__CAYSBA01;o__CAYSBA01;f__CAYSBA01;g__CAYSBA01;s__CAYSBA01 sp964429075
GB_GCA_022615475.1	GCA_022615475.1	backbone	p__Methylomirabilota	d__Bacteria;p__Methylomirabilota;c__Methylomirabilia;o__Methylomirabilales;f__CSP1-5;g__CSP1-5;s__CSP1-5 sp022615475
GB_GCA_024276995.1	GCA_024276995.1	backbone	p__Orphanbacterota	d__Bacteria;p__Orphanbacterota;c__Orphanbacteria;o__Orphanbacterales;f__Orphanbacteraceae;g__JAJRWB01;s__JAJRWB01 sp024276995
GB_GCA_018263585.1	GCA_018263585.1	backbone	p__Electryoneota	d__Bacteria;p__Electryoneota;c__Electryoneia;o__Electryoneales;f__Electryoneaceae;g__JAANWZ01;s__JAANWZ01 sp018263585
GB_GCA_030656095.1	GCA_030656095.1	backbone	p__Synergistota	d__Bacteria;p__Synergistota;c__Synergistia;o__Synergistales;f__Thermovirgaceae;g__UBA2252;s__UBA2252 sp030656095
GB_GCA_964392195.1	GCA_964392195.1	backbone	p__JADJOY01	d__Bacteria;p__JADJOY01;c__JADJOY01;o__JADJOY01;f__JADJOY01;g__JADJOY01;s__JADJOY01 sp964392195
GB_GCA_964586775.1	GCA_964586775.1	backbone	p__Lernaellota	d__Bacteria;p__Lernaellota;c__Lernaellaia;o__JACKCT01;f__JACKCT01;g__JADLEX01;s__JADLEX01 sp964586775
GB_GCA_964480165.1	GCA_964480165.1	backbone	p__Iainarchaeota	d__Archaea;p__Iainarchaeota;c__Iainarchaeia;o__JAADDC01;f__JAADDC01;g__SZUA-1452;s__SZUA-1452 sp964480165
GB_GCA_002347965.1	GCA_002347965.1	backbone	p__UBA2233	d__Bacteria;p__UBA2233;c__UBA2233;o__UBA2233;f__UBA2233;g__UBA2233;s__UBA2233 sp002347965
GB_GCA_026705445.1	GCA_026705445.1	backbone	p__Desulfobacterota_D	d__Bacteria;p__Desulfobacterota_D;c__UBA1144;o__Nemesobacterales;f__Nemesobacteraceae;g__Nemesobacter;s__Nemesobacter sp026705445
GB_GCA_965214925.1	GCA_965214925.1	backbone	p__Latescibacterota	d__Bacteria;p__Latescibacterota;c__UBA2968;o__UBA2968;f__UBA2968;g__VXRD01;s__VXRD01 sp965214925
GB_GCA_001567115.1	GCA_001567115.1	backbone	p__Hinthialibacterota	d__Bacteria;p__Hinthialibacterota;c__Hinthialibacteria;o__OLB16;f__OLB16;g__OLB16;s__OLB16 sp001567115
GB_GCA_041651035.1	GCA_041651035.1	backbone	p__Omnitrophota	d__Bacteria;p__Omnitrophota;c__Gorgyraeia;o__Gygaellales;f__Profunditerraquicolaceae;g__JBAZKC01;s__JBAZKC01 sp041651035
GB_GCA_021827365.1	GCA_021827365.1	backbone	p__Nitrospirota	d__Bacteria;p__Nitrospirota;c__Leptospirillia;o__Leptospirillales;f__Leptospirillaceae;g__UBA4572;s__UBA4572 sp021827365
GB_GCA_964471095.1	GCA_964471095.1	backbone	p__UBA10199	d__Bacteria;p__UBA10199;c__UBA10199;o__JACPAL01;f__JACPAL01;g__CAYYFU01;s__CAYYFU01 sp964471095
GB_GCA_001771425.1	GCA_001771425.1	backbone	p__Margulisbacteria	d__Bacteria;p__Margulisbacteria;c__WOR-1;o__O2-12-FULL-45-9;f__XYB2-FULL-48-7;g__XYB2-FULL-45-9;s__XYB2-FULL-45-9 sp001771575
GB_GCA_029553345.1	GCA_029553345.1	backbone	p__Dictyoglomota	d__Bacteria;p__Dictyoglomota;c__Dictyoglomia;o__Dictyoglomales;f__Dictyoglomaceae;g__JAKOUL01;s__JAKOUL01 sp035378845
GB_GCA_040752395.1	GCA_040752395.1	backbone	p__JBFMHD01	d__Bacteria;p__JBFMHD01;c__JBFMHD01;o__JBFMHD01;f__JBFMHD01;g__JBFMHD01;s__JBFMHD01 sp040752395
RS_GCF_003336745.1	GCF_003336745.1	backbone	p__Deinococcota	d__Bacteria;p__Deinococcota;c__Deinococci;o__Deinococcales;f__Thermaceae;g__Thermus;s__Thermus caldifontis
RS_GCF_000739065.1	GCF_000739065.1	backbone	p__AGJL01	d__Archaea;p__AGJL01;c__Methanococci;o__Methanococcales;f__Methanocaldococcaceae;g__Methanocaldococcus;s__Methanocaldococcus bathoardescens
GB_GCA_017999075.1	GCA_017999075.1	backbone	p__JAGOBX01	d__Bacteria;p__JAGOBX01;c__JAGOBX01;o__JAGOBX01;f__JAGOBX01;g__JAGOBX01;s__JAGOBX01 sp017999075
GB_GCA_964617105.1	GCA_964617105.1	backbone	p__CAZTWC01	d__Bacteria;p__CAZTWC01;c__CAZTWC01;o__CAZTWC01;f__CAZTWC01;g__CAZTWC01;s__CAZTWC01 sp964617105
GB_GCA_013178255.1	GCA_013178255.1	backbone	p__Coprothermobacterota	d__Bacteria;p__Coprothermobacterota;c__Coprothermobacteria;o__Coprothermobacterales;f__Coprothermobacteraceae;g__JABLWY01;s__JABLWY01 sp013178255
GB_GCA_046497165.1	GCA_046497165.1	backbone	p__UBP6	d__Bacteria;p__UBP6;c__UBA1177;o__UBA1177;f__JAWOGE01;g__JAWOGE01;s__JAWOGE01 sp046497165
GB_GCA_964547905.1	GCA_964547905.1	backbone	p__JAMCPX01	d__Bacteria;p__JAMCPX01;c__JAMCPX01;o__JAMCPX01;f__JAMCPX01;g__JAJYLM01;s__JAJYLM01 sp964547905
GB_GCA_964457585.1	GCA_964457585.1	backbone	p__JACRDZ01	d__Bacteria;p__JACRDZ01;c__JACRDZ01;o__JACRDZ01;f__JACRDZ01;g__CAYWFU01;s__CAYWFU01 sp964457585
GB_GCA_002067565.1	GCA_002067565.1	backbone	p__Methanobacteriota	d__Archaea;p__Methanobacteriota;c__Methanobacteria;o__Methanobacteriales;f__Methanobacteriaceae;g__Methanobacterium_A;s__Methanobacterium_A sp002067565
RS_GCF_002201895.1	GCF_002201895.1	backbone	p__JAADCQ01	d__Archaea;p__JAADCQ01;c__Methanopyri;o__Methanopyrales;f__Methanopyraceae;g__Methanopyrus;s__Methanopyrus sp002201895
GB_GCA_036381125.1	GCA_036381125.1	backbone	p__DASVDK01	d__Bacteria;p__DASVDK01;c__DASVDK01;o__DASVDK01;f__DASVDK01;g__DASVDK01;s__DASVDK01 sp036381125
GB_GCA_043803085.1	GCA_043803085.1	backbone	p__Planctomycetota	d__Bacteria;p__Planctomycetota;c__Phycisphaerae;o__UBA1845;f__UBA1845;g__JAAEQG01;s__JAAEQG01 sp043803085
GB_GCA_035379745.1	GCA_035379745.1	backbone	p__Fermentibacterota	d__Bacteria;p__Fermentibacterota;c__Fermentibacteria;o__Fermentibacterales;f__JCC-6;g__Sabulitectum;s__Sabulitectum sp036743055
GB_GCA_964600955.1	GCA_964600955.1	backbone	p__Muiribacteriota	d__Bacteria;p__Muiribacteriota;c__UBA6191;o__UBA6191;f__UBA6191;g__CAZRLV01;s__CAZRLV01 sp964600955
RS_GCF_000018605.1	GCF_000018605.1	backbone	p__Thermotogota	d__Bacteria;p__Thermotogota;c__Thermotogae;o__Petrotogales;f__Petrotogaceae;g__Petrotoga;s__Petrotoga mobilis
GB_GCA_013036315.1	GCA_013036315.1	backbone	p__Vulcanimicrobiota	d__Bacteria;p__Vulcanimicrobiota;c__Vulcanimicrobiia;o__Vulcanimicrobiales;f__Vulcanimicrobiaceae;g__Rubrimentiphilum;s__Rubrimentiphilum sp013036315
GB_GCA_964622465.1	GCA_964622465.1	backbone	p__CG03	d__Bacteria;p__CG03;c__CAZUQH01;o__CAZUQH01;f__CAZUQH01;g__CAZUQH01;s__CAZUQH01 sp964622465
GB_GCA_964565925.1	GCA_964565925.1	backbone	p__JAGRBM01	d__Bacteria;p__JAGRBM01;c__JAGRBM01;o__JAGRBM01;f__JAHCIT01;g__CAZMGV01;s__CAZMGV01 sp964565925
GB_GCA_964622875.1	GCA_964622875.1	backbone	p__NPL-UPA2	d__Bacteria;p__NPL-UPA2;c__NPL-UPA2;o__NPL-UPA2;f__JAADIA01;g__CAZGXS01;s__CAZGXS01 sp964622875
GB_GCA_001872885.1	GCA_001872885.1	backbone	p__Huberarchaeota	d__Archaea;p__Huberarchaeota;c__Huberarchaeia;o__Huberarchaeales;f__Huberarchaeaceae;g__Huberarchaeum;s__Huberarchaeum crystalense
GB_GCA_026418035.1	GCA_026418035.1	backbone	p__DUMJ01	d__Bacteria;p__DUMJ01;c__DUMJ01;o__DUMJ01;f__DUMJ01;g__DUMJ01;s__DUMJ01 sp026418035
GB_GCA_002898315.1	GCA_002898315.1	backbone	p__Calescibacteriota	d__Bacteria;p__Calescibacteriota;c__Calescibacteriia;o__Calescibacteriales;f__Calescibacteriaceae;g__Calescibacterium;s__Calescibacterium sp002898315
GB_GCA_046759065.1	GCA_046759065.1	backbone	p__Thermoplasmatota	d__Archaea;p__Thermoplasmatota;c__Thermoplasmata;o__RBG-16-68-12;f__JAGMCJ01;g__JAGMCJ01;s__JAGMCJ01 sp046759065
GB_GCA_020434345.1	GCA_020434345.1	backbone	p__Bdellovibrionota_G	d__Bacteria;p__Bdellovibrionota_G;c__JALEGL01;o__JALEGL01;f__JAGRMV01;g__JAGRMV01;s__JAGRMV01 sp020434345
RS_GCF_000153625.3	GCF_000153625.3	backbone	p__Fusobacteriota	d__Bacteria;p__Fusobacteriota;c__Fusobacteriia;o__Fusobacteriales;f__Fusobacteriaceae;g__Fusobacterium;s__Fusobacterium polymorphum
GB_GCA_038061795.1	GCA_038061795.1	backbone	p__Patescibacteriota	d__Bacteria;p__Patescibacteriota;c__Minisyncoccia;o__Phycocordibacterales;f__PALSA-1337;g__CAIOGI01;s__CAIOGI01 sp038061795
GB_GCA_020628165.1	GCA_020628165.1	backbone	p__Bdellovibrionota	d__Bacteria;p__Bdellovibrionota;c__Bdellovibrionia;o__Bdellovibrionales;f__UBA1609;g__JAHDIR01;s__JAHDIR01 sp020628165
GB_GCA_001302835.1	GCA_001302835.1	backbone	p__LJUI01	d__Bacteria;p__LJUI01;c__LJUI01;o__SM1-40;f__SM1-40;g__SM1-40;s__SM1-40 sp001303705
RS_GCF_000242715.1	GCF_000242715.1	backbone	p__Actinomycetota	d__Bacteria;p__Actinomycetota;c__Actinomycetes;o__Streptomycetales;f__Streptomycetaceae;g__Streptomyces;s__Streptomyces acidiscabies
GB_GCA_003252515.1	GCA_003252515.1	backbone	p__UBA4055	d__Bacteria;p__UBA4055;c__UBA4055;o__UBA4055;f__UBA4055;g__UBA4055;s__UBA4055 sp003252515
GB_GCA_964453935.1	GCA_964453935.1	backbone	p__AUK180	d__Bacteria;p__AUK180;c__AUK180;o__AUK180;f__AUK180;g__AUK180;s__AUK180 sp964453935
GB_GCA_020632975.1	GCA_020632975.1	backbone	p__Myxococcota_C	d__Bacteria;p__Myxococcota_C;c__UBA6777;o__UBA6777;f__UBA6777;g__JAKLKB01;s__JAKLKB01 sp020632975
GB_GCA_023512665.1	GCA_023512665.1	backbone	p__Bipolaricaulota	d__Bacteria;p__Bipolaricaulota;c__Bipolaricaulia;o__RBG-16-55-9;f__DRXL01;g__JANXCC01;s__JANXCC01 sp023512665
GB_GCA_013360445.1	GCA_013360445.1	backbone	p__Calditrichota	d__Bacteria;p__Calditrichota;c__Calditrichia;o__RBG-13-44-9;f__J075;g__JABWBP01;s__JABWBP01 sp013360445
GB_GCA_031960865.1	GCA_031960865.1	backbone	p__Campylobacterota_A	d__Bacteria;p__Campylobacterota_A;c__Desulfurellia;o__Desulfurellales;f__Desulfurellaceae;g__Desulfurella;s__Desulfurella sp031960885
GB_GCA_963775895.1	GCA_963775895.1	backbone	p__Thermoproteota	d__Archaea;p__Thermoproteota;c__Bathyarchaeia;o__Bathyarchaeales;f__Bathycorpusculaceae;g__DASPPK01;s__DASPPK01 sp963775895
RS_GCF_049221745.1	GCF_049221745.1	backbone	p__Campylobacterota	d__Bacteria;p__Campylobacterota;c__Campylobacteria;o__Campylobacterales;f__Campylobacteraceae;g__Campylobacter_D;s__Campylobacter_D jejuni_E
GB_GCA_023129115.1	GCA_023129115.1	backbone	p__B1Sed10-29	d__Archaea;p__B1Sed10-29;c__B1Sed10-29;o__WALL01;f__WALL01;g__WALL01;s__WALL01 sp023129115
RS_GCF_000485555.1	GCF_000485555.1	backbone	p__Bacillota_I	d__Bacteria;p__Bacillota_I;c__Bacilli_A;o__Mycoplasmatales;f__Metamycoplasmataceae;g__Metamycoplasma;s__Metamycoplasma salivarium
GB_GCA_030590165.1	GCA_030590165.1	backbone	p__SpSt-1190	d__Archaea;p__SpSt-1190;c__SpSt-1190;o__SpSt-1190;f__SpSt-1190;g__JAUUZA01;s__JAUUZA01 sp030590165
GB_GCA_040755795.1	GCA_040755795.1	backbone	p__UBA9089	d__Bacteria;p__UBA9089;c__CG2-30-40-21;o__CG2-30-40-21;f__SBAY01;g__JBFLXS01;s__JBFLXS01 sp040755795
GB_GCA_002428525.1	GCA_002428525.1	backbone	p__UBP14	d__Bacteria;p__UBP14;c__UBA6098;o__UBA6098;f__UBA6098;g__UBA6098;s__UBA6098 sp002428525
GB_GCA_937132175.1	GCA_937132175.1	backbone	p__Nanohalarchaeota	d__Archaea;p__Nanohalarchaeota;c__Nanosalinia;o__Nanosalinales;f__Nanosalinaceae;g__Nanosalina;s__Nanosalina sp937132175
GB_GCA_011375275.1	GCA_011375275.1	backbone	p__Zhuqueibacterota	d__Bacteria;p__Zhuqueibacterota;c__Zhuqueibacteria;o__Zhuqueibacterales;f__Geothermadaptataceae;g__Geothermadaptatus;s__Geothermadaptatus sp011375275
GB_GCA_021783475.1	GCA_021783475.1	backbone	p__Thermodesulfobiota	d__Bacteria;p__Thermodesulfobiota;c__Thermodesulfobiia;o__Thermodesulfobiales;f__Thermodesulfobiaceae;g__Thermodesulfobium;s__Thermodesulfobium sp021783475
GB_GCA_041623475.1	GCA_041623475.1	backbone	p__J088	d__Bacteria;p__J088;c__J088;o__J088;f__J088;g__JBFJWU01;s__JBFJWU01 sp041623475
GB_GCA_041486365.1	GCA_041486365.1	backbone	p__JAUYMQ01	d__Bacteria;p__JAUYMQ01;c__JAUYMQ01;o__JAUYMQ01;f__JAUYMQ01;g__JBGPLH01;s__JBGPLH01 sp041486365
GB_GCA_018896935.1	GCA_018896935.1	backbone	p__UBP18	d__Bacteria;p__UBP18;c__UBA7526;o__UBA7526;f__UBA7526;g__DRGV01;s__DRGV01 sp018903055
GB_GCA_041306075.1	GCA_041306075.1	backbone	p__Altiarchaeota	d__Archaea;p__Altiarchaeota;c__Altiarchaeia;o__IMC4;f__SCGC-AAA252-I15;g__JAHIYG01;s__JAHIYG01 sp041306075
GB_GCA_963768165.1	GCA_963768165.1	backbone	p__UBP4	d__Bacteria;p__UBP4;c__UBA4092;o__UBA4092;f__UBA4092;g__CAVYHJ01;s__CAVYHJ01 sp963768165
GB_GCA_016176845.1	GCA_016176845.1	backbone	p__2-12-FULL-45-22	d__Bacteria;p__2-12-FULL-45-22;c__2-12-FULL-45-22;o__2-12-FULL-45-22;f__JACOWJ01;g__JACOWJ01;s__JACOWJ01 sp016176845
GB_GCA_036480675.1	GCA_036480675.1	backbone	p__RBG-13-66-14	d__Bacteria;p__RBG-13-66-14;c__B26-G2;o__WVWN01;f__WVWN01;g__WVWN01;s__WVWN01 sp036480675
GB_GCA_002452335.1	GCA_002452335.1	backbone	p__Chrysiogenota	d__Bacteria;p__Chrysiogenota;c__Deferribacteres;o__Deferribacterales;f__Geovibrionaceae;g__Seleniivibrio;s__Seleniivibrio sp002452335
GB_GCA_964431655.1	GCA_964431655.1	backbone	p__CAYMEV01	d__Bacteria;p__CAYMEV01;c__CAYMEV01;o__CAYMEV01;f__CAYMEV01;g__CAYMEV01;s__CAYMEV01 sp964431655
GB_GCA_964600515.1	GCA_964600515.1	backbone	p__Bdellovibrionota_F	d__Bacteria;p__Bdellovibrionota_F;c__JAHFAK01;o__JAHFAK01;f__JAHFAK01;g__JAHFAK01;s__JAHFAK01 sp964600515
GB_GCA_002403115.1	GCA_002403115.1	backbone	p__Edwardsbacteria	d__Bacteria;p__Edwardsbacteria;c__AC1;o__AC1;f__EtOH8;g__UBA8901;s__UBA8901 sp002403115
GB_GCA_905236315.1	GCA_905236315.1	backbone	p__Spirochaetota	d__Bacteria;p__Spirochaetota;c__Spirochaetia;o__Treponematales;f__Treponemataceae;g__Treponema_D;s__Treponema_D sp905236315
GB_GCA_964534765.1	GCA_964534765.1	backbone	p__Lindowbacteria	d__Bacteria;p__Lindowbacteria;c__2-12-FULL-62-27;o__2-12-FULL-62-27;f__2-12-FULL-62-27;g__CAZHRJ01;s__CAZHRJ01 sp964534765
GB_GCA_013151235.1	GCA_013151235.1	backbone	p__CG2-30-53-67	d__Bacteria;p__CG2-30-53-67;c__CG2-30-53-67;o__CG2-30-53-67;f__CG2-30-53-67;g__JAADIO01;s__JAADIO01 sp013151235
GB_GCA_030619955.1	GCA_030619955.1	backbone	p__Nanobdellota	d__Archaea;p__Nanobdellota;c__Nanobdellia;o__Pacearchaeales;f__UBA284;g__JAUXAK01;s__JAUXAK01 sp030619955
GB_GCA_022601475.1	GCA_022601475.1	backbone	p__Chlamydiota	d__Bacteria;p__Chlamydiota;c__Chlamydiia;o__Chlamydiales;f__JAAKFR01;g__JAJACO01;s__JAJACO01 sp022601475
GB_GCA_900321865.1	GCA_900321865.1	backbone	p__RUG730	d__Bacteria;p__RUG730;c__RUG730;o__RUG730;f__RUG730;g__RUG730;s__RUG730 sp900321865
GB_GCA_964422215.1	GCA_964422215.1	backbone	p__Aerophobota	d__Bacteria;p__Aerophobota;c__Aerophobia;o__Aerophobales;f__B3-G15;g__CAYRAK01;s__CAYRAK01 sp964422215
GB_GCA_030595925.1	GCA_030595925.1	backbone	p__CBDUZB01	d__Bacteria;p__CBDUZB01;c__JAGLHV01;o__JAGLHV01;f__JAGLHV01;g__JAGLHV01;s__JAGLHV01 sp030595925
GB_GCA_026702745.1	GCA_026702745.1	backbone	p__JAAXHH01	d__Bacteria;p__JAAXHH01;c__JAAXHH01;o__JAAXHH01;f__JAAXHH01;g__JAAXHH01;s__JAAXHH01 sp026702745
GB_GCA_021806125.1	GCA_021806125.1	backbone	p__SZUA-79	d__Bacteria;p__SZUA-79;c__SZUA-79;o__Acidulodesulfobacterales;f__Acidulodesulfobacteraceae;g__Acidulodesulfobacterium_A;s__Acidulodesulfobacterium_A sp021806125
RS_GCF_012027645.1	GCF_012027645.1	backbone	p__Methanobacteriota_B	d__Archaea;p__Methanobacteriota_B;c__Thermococci;o__Thermococcales;f__Thermococcaceae;g__Thermococcus;s__Thermococcus sp012027645
GB_GCA_016190245.1	GCA_016190245.1	backbone	p__JACPQY01	d__Bacteria;p__JACPQY01;c__JACPQY01;o__JACPQY01;f__JACPQY01;g__JACPQY01;s__JACPQY01 sp016190245
RS_GCF_003664005.1	GCF_003664005.1	backbone	p__Aquificota	d__Bacteria;p__Aquificota;c__Aquificia;o__Aquificales;f__Aquificaceae;g__Hydrogenivirga;s__Hydrogenivirga caldilitoris
GB_GCA_030619245.1	GCA_030619245.1	backbone	p__UBA6262	d__Bacteria;p__UBA6262;c__WVXT01;o__WVXT01;f__JAUXBS01;g__JAUXBS01;s__JAUXBS01 sp030619245
GB_GCA_050123455.1	GCA_050123455.1	backbone	p__Arandabacterota	d__Bacteria;p__Arandabacterota;c__Arandabacteria;o__Arandabacterales;f__JALGWA01;g__JALGWA01;s__JALGWA01 sp050125095
GB_GCA_030429345.1	GCA_030429345.1	backbone	p__CAIWAD01	d__Bacteria;p__CAIWAD01;c__CAIWAD01;o__CAIWAD01;f__CAIWAD01;g__JAUIFJ01;s__JAUIFJ01 sp030429345
GB_GCA_902606065.1	GCA_902606065.1	backbone	p__Pseudomonadota	d__Bacteria;p__Pseudomonadota;c__Alphaproteobacteria;o__Pelagibacterales;f__Pelagibacteraceae;g__Pelagibacter;s__Pelagibacter sp902606065
GB_GCA_965603295.1	GCA_965603295.1	backbone	p__BMS3Abin14	d__Bacteria;p__BMS3Abin14;c__BMS3Abin14;o__BMS3Abin14;f__BMS3Abin14;g__JAFGWO01;s__JAFGWO01 sp965603295
GB_GCA_903883855.1	GCA_903883855.1	backbone	p__Bdellovibrionota_B	d__Bacteria;p__Bdellovibrionota_B;c__Oligoflexia;o__Oligoflexales;f__CAIYRB01;g__CAIYRB01;s__CAIYRB01 sp903928445
GB_GCA_011048995.1	GCA_011048995.1	backbone	p__Macinerneyibacteriota	d__Bacteria;p__Macinerneyibacteriota;c__Macinerneyibacteria;o__Macinerneyibacteriales;f__DSCS01;g__DSCS01;s__DSCS01 sp011048995
GB_GCA_964626665.1	GCA_964626665.1	backbone	p__SM23-81	d__Bacteria;p__SM23-81;c__DAOVCL01;o__DAOVCL01;f__DAOVCL01;g__DAOVCL01;s__DAOVCL01 sp964626665
GB_GCA_030041545.1	GCA_030041545.1	backbone	p__Oederibacteriota	d__Bacteria;p__Oederibacteriota;c__Muellerivitia;o__Muellerivitales;f__Muellerivitaceae;g__JAJPJW01;s__JAJPJW01 sp030041545
GB_GCA_000739515.1	GCA_000739515.1	backbone	p__Moduliflexota	d__Bacteria;p__Moduliflexota;c__Moduliflexia;o__Moduliflexales;f__Moduliflexaceae;g__Moduliflexus;s__Moduliflexus flocculans
GB_GCA_030666935.1	GCA_030666935.1	backbone	p__Atribacterota	d__Bacteria;p__Atribacterota;c__Phoenicimicrobiia;o__Phoenicimicrobiales;f__Phoenicimicrobiaceae;g__Sediminicultor;s__Sediminicultor sp030666935
GB_GCA_031406795.1	GCA_031406795.1	backbone	p__JAUVQV01	d__Bacteria;p__JAUVQV01;c__JAUVQV01;o__JAUVQV01;f__DATDCY01;g__DATDCY01;s__DATDCY01 sp031406795
GB_GCA_043805675.1	GCA_043805675.1	backbone	p__EX4484-52	d__Archaea;p__EX4484-52;c__EX4484-52;o__EX4484-52;f__B79-G9;g__B79-G9;s__B79-G9 sp043813875
GB_GCA_964343345.1	GCA_964343345.1	backbone	p__UBP7	d__Bacteria;p__UBP7;c__UBA6624;o__UBA6624;f__UBA6624;g__UBA6624;s__UBA6624 sp964343345
GB_GCA_964506785.1	GCA_964506785.1	backbone	p__CAZDME01	d__Bacteria;p__CAZDME01;c__JAYEMH01;o__JAYEMH01;f__JAYEMH01;g__CAZDME01;s__CAZDME01 sp964506785
GB_GCA_052390515.1	GCA_052390515.1	backbone	p__ARS69	d__Bacteria;p__ARS69;c__ARS69;o__ARS69;f__ARS69;g__JBQTGV01;s__JBQTGV01 sp052390515
GB_GCA_001871015.1	GCA_001871015.1	backbone	p__Desantisbacteria	d__Bacteria;p__Desantisbacteria;c__UBA1551;o__UBA1551;f__UBA1559;g__UBA1559;s__UBA1559 sp001871015
GB_GCA_039683515.1	GCA_039683515.1	backbone	p__Sumerlaeota	d__Bacteria;p__Sumerlaeota;c__Sumerlaeia;o__MVZB01;f__MVZB01;g__JAJFUE01;s__JAJFUE01 sp039683515
GB_GCA_964421645.1	GCA_964421645.1	backbone	p__Ratteibacteria	d__Bacteria;p__Ratteibacteria;c__UBA8468;o__B48-G9;f__JAFGKM01;g__JAFGKM01;s__JAFGKM01 sp964421645
GB_GCA_030652805.1	GCA_030652805.1	backbone	p__JAHJDO01	d__Bacteria;p__JAHJDO01;c__JAHJDO01;o__JAHJDO01;f__JAHJDO01;g__JAHJDO01;s__JAHJDO01 sp030652805
GB_GCA_964597845.1	GCA_964597845.1	backbone	p__Hydrothermota	d__Bacteria;p__Hydrothermota;c__Tepidihabitantia;o__Tepidihabitantales;f__Tepidihabitantaceae;g__UBA2258;s__UBA2258 sp964597845
GB_GCA_049968275.1	GCA_049968275.1	backbone	p__DRYD01	d__Bacteria;p__DRYD01;c__DRYD01;o__DRYD01;f__DRYD01;g__CAKZQG01;s__CAKZQG01 sp049969455
RS_GCF_042408735.1	GCF_042408735.1	backbone	p__Chloroflexota	d__Bacteria;p__Chloroflexota;c__Ktedonobacteria;o__Ktedonobacterales;f__Ktedonobacteraceae;g__Thermogemmatispora;s__Thermogemmatispora sp042408735
GB_GCA_029259175.1	GCA_029259175.1	backbone	p__Hadarchaeota	d__Archaea;p__Hadarchaeota;c__Hadarchaeia;o__Hadarchaeales;f__Hadarchaeaceae;g__JAVZGN01;s__JAVZGN01 sp029259175
GB_GCA_014728125.1	GCA_014728125.1	backbone	p__Joyebacterota	d__Bacteria;p__Joyebacterota;c__Joyebacteria;o__Joyebacterales;f__Joyebacteraceae;g__WJMD01;s__WJMD01 sp014728125
GB_GCA_001180325.1	GCA_001180325.1	backbone	p__Cyanobacteriota	d__Bacteria;p__Cyanobacteriota;c__Cyanobacteriia;o__PCC-6307;f__Cyanobiaceae;g__Prochlorococcus_A;s__Prochlorococcus_A marinus_R
GB_GCA_965371155.1	GCA_965371155.1	backbone	p__JAJVIF01	d__Bacteria;p__JAJVIF01;c__JAJVIF01;o__JAPKYR01;f__JAPKYR01;g__CBDUXL01;s__CBDUXL01 sp965371155
GB_GCA_042570605.1	GCA_042570605.1	backbone	p__SM23-31	d__Bacteria;p__SM23-31;c__SM23-31;o__JBHPGK01;f__JBHPGK01;g__JBHPGK01;s__JBHPGK01 sp042570605
GB_GCA_964427915.1	GCA_964427915.1	backbone	p__Caldisericota	d__Bacteria;p__Caldisericota;c__Caldisericia;o__UBA6126;f__UBA6126;g__JAGLCW01;s__JAGLCW01 sp964427915
GB_GCA_003647755.1	GCA_003647755.1	backbone	p__B130-G9	d__Bacteria;p__B130-G9;c__B130-G9;o__B130-G9;f__B130-G9;g__B130-G9;s__B130-G9 sp003647755
GB_GCA_964593115.1	GCA_964593115.1	backbone	p__Thermosulfidibacterota	d__Bacteria;p__Thermosulfidibacterota;c__Thermosulfidibacteria;o__Thermosulfidibacterales;f__JALWSI01;g__JALWSI01;s__JALWSI01 sp964593115
GB_GCA_964654595.1	GCA_964654595.1	backbone	p__Halobacteriota	d__Archaea;p__Halobacteriota;c__Archaeoglobi;o__Archaeoglobales;f__Archaeoglobaceae;g__Archaeoglobus;s__Archaeoglobus sp964654595
GB_GCA_963773125.1	GCA_963773125.1	backbone	p__Tectomicrobia	d__Bacteria;p__Tectomicrobia;c__Entotheonellia;o__Entotheonellales;f__Entotheonellaceae;g__CAVZBC01;s__CAVZBC01 sp963773125
GB_GCA_964393905.1	GCA_964393905.1	backbone	p__Bdellovibrionota_C	d__Bacteria;p__Bdellovibrionota_C;c__UBA2361;o__SZUA-149;f__CAYMWO01;g__CAYMWO01;s__CAYMWO01 sp964393905
GB_GCA_965613365.1	GCA_965613365.1	backbone	p__Hydrothermarchaeota	d__Archaea;p__Hydrothermarchaeota;c__Hydrothermarchaeia;o__Hydrothermarchaeales;f__CAZSVW01;g__CBFDVL01;s__CBFDVL01 sp965613365
GB_GCA_964415445.1	GCA_964415445.1	backbone	p__CAYQAE01	d__Archaea;p__CAYQAE01;c__CAYQAE01;o__CAYQAE01;f__CAYQAE01;g__CAYQAE01;s__CAYQAE01 sp964415445
GB_GCA_965372795.1	GCA_965372795.1	backbone	p__Zixibacteria	d__Bacteria;p__Zixibacteria;c__MSB-5A5;o__GN15;f__FEB-12;g__QNAD01;s__QNAD01 sp965372795
RS_GCF_001263175.1	GCF_001263175.1	backbone	p__Myxococcota	d__Bacteria;p__Myxococcota;c__Myxococcia;o__Myxococcales;f__Vulgatibacteraceae;g__Vulgatibacter;s__Vulgatibacter incomptus
GB_GCA_964452105.1	GCA_964452105.1	backbone	p__JAUXIQ01	d__Bacteria;p__JAUXIQ01;c__JAUXIQ01;o__JAUXIQ01;f__JAUXIQ01;g__CAYVLI01;s__CAYVLI01 sp964452105
GB_GCA_020850775.1	GCA_020850775.1	backbone	p__CLD3	d__Bacteria;p__CLD3;c__CLD3;o__CLD3;f__CLD3;g__JADZEA01;s__JADZEA01 sp020850775
GB_GCA_965213625.1	GCA_965213625.1	backbone	p__UBA8248	d__Bacteria;p__UBA8248;c__UBA8248;o__UBA8248;f__UBA8248;g__Bin107;s__Bin107 sp965213625
GB_GCA_964565945.1	GCA_964565945.1	backbone	p__GCA-001730085	d__Bacteria;p__GCA-001730085;c__GCA-001730085;o__GCA-001730085;f__GCA-001730085;g__CAZMGY01;s__CAZMGY01 sp964565945
GB_GCA_026991065.1	GCA_026991065.1	backbone	p__GCA-2686955	d__Bacteria;p__GCA-2686955;c__GCA-2686955;o__GCA-2686955;f__GCA-2686955;g__JALXCG01;s__JALXCG01 sp026991065
GB_GCA_964411245.1	GCA_964411245.1	backbone	p__Nitrospinota	d__Bacteria;p__Nitrospinota;c__Nitrospinia;o__Nitrospinales;f__Nitrospinaceae;g__SZUA-226;s__SZUA-226 sp964411245
GB_GCA_964414965.1	GCA_964414965.1	backbone	p__Babelota	d__Bacteria;p__Babelota;c__Babeliae;o__Babelales;f__UBA12409;g__UBA12409;s__UBA12409 sp964414965
GB_GCA_964510695.1	GCA_964510695.1	backbone	p__T1Sed10-126	d__Bacteria;p__T1Sed10-126;c__T1Sed10-126;o__T1Sed10-126;f__CAZEBV01;g__CAZEBV01;s__CAZEBV01 sp964510695
GB_GCA_028685295.1	GCA_028685295.1	backbone	p__UBP13	d__Bacteria;p__UBP13;c__UBA5359;o__UBA5359;f__UBA5359;g__UBA5359;s__UBA5359 sp028685295
GB_GCA_016193065.1	GCA_016193065.1	backbone	p__JACPSX01	d__Bacteria;p__JACPSX01;c__JACPSX01;o__JACPSX01;f__JACPSX01;g__JACPSX01;s__JACPSX01 sp016193065
GB_GCA_964637655.1	GCA_964637655.1	backbone	p__DAOPZR01	d__Bacteria;p__DAOPZR01;c__DAOPZR01;o__DAOPZR01;f__DAOPZR01;g__CAZWUZ01;s__CAZWUZ01 sp964637655
GB_GCA_024275775.1	GCA_024275775.1	backbone	p__Nitrospinota_A	d__Bacteria;p__Nitrospinota_A;c__UBA7883;o__JACRGQ01;f__JACRGQ01;g__JAJRYM01;s__JAJRYM01 sp024275775
GB_GCA_038999215.1	GCA_038999215.1	backbone	p__Aenigmatarchaeota	d__Archaea;p__Aenigmatarchaeota;c__Aenigmatarchaeia;o__Aenigmatarchaeales;f__JACQIB01;g__JAWABM01;s__JAWABM01 sp038999215
GB_GCA_937967935.1	GCA_937967935.1	backbone	p__Sysuimicrobiota	d__Bacteria;p__Sysuimicrobiota;c__Sysuimicrobiia;o__Sysuimicrobiales;f__Sysuimicrobiaceae;g__Tepidifontimicrobium;s__Tepidifontimicrobium sp938028835
GB_GCA_903930515.1	GCA_903930515.1	backbone	p__RBG-13-61-14	d__Bacteria;p__RBG-13-61-14;c__RBG-13-61-14;o__RBG-13-61-14;f__DRUE01;g__CAIYYW01;s__CAIYYW01 sp903930515
GB_GCA_041483475.1	GCA_041483475.1	backbone	p__Fibrobacterota	d__Bacteria;p__Fibrobacterota;c__Fibrobacteria;o__UBA11236;f__UBA11236;g__UBA11236;s__UBA11236 sp041483475
GB_GCA_964637705.1	GCA_964637705.1	backbone	p__UBA8481	d__Bacteria;p__UBA8481;c__UBA8481;o__UBA8481;f__UBA8481;g__CAZWVM01;s__CAZWVM01 sp964637705
GB_GCA_945787325.1	GCA_945787325.1	backbone	p__Desulfobacterota	d__Bacteria;p__Desulfobacterota;c__Desulfobulbia;o__Desulfobulbales;f__BM004;g__CALZHP01;s__CALZHP01 sp945787325
GB_GCA_027491785.1	GCA_027491785.1	backbone	p__Korarchaeota	d__Archaea;p__Korarchaeota;c__Korarchaeia;o__Korarchaeales;f__Korarchaeaceae;g__Korarchaeum;s__Korarchaeum sp027491785
GB_GCA_964643155.1	GCA_964643155.1	backbone	p__4484-113	d__Bacteria;p__4484-113;c__4484-113;o__4484-113;f__4484-113;g__CAZKNJ01;s__CAZKNJ01 sp964643155
GB_GCA_003558985.1	GCA_003558985.1	backbone	p__CSSED10-310	d__Bacteria;p__CSSED10-310;c__CSSED10-310;o__CSSED10-310;f__CSSED10-310;g__CSSED10-310;s__CSSED10-310 sp003558985
GB_GCA_964347835.1	GCA_964347835.1	backbone	p__CAYFZR01	d__Archaea;p__CAYFZR01;c__CAYFZR01;o__CAYFZR01;f__CAYFZR01;g__CAYFZR01;s__CAYFZR01 sp964347835
GB_GCA_027717595.1	GCA_027717595.1	backbone	p__JADFOP01	d__Bacteria;p__JADFOP01;c__JADFOP01;o__JADFOP01;f__JADFOP01;g__JADFOP01;s__JADFOP01 sp027717595
GB_GCA_964404765.1	GCA_964404765.1	backbone	p__4572-55	d__Bacteria;p__4572-55;c__4572-55;o__4572-55;f__4572-55;g__CAYOLL01;s__CAYOLL01 sp964404765
RS_GCF_002797325.1	GCF_002797325.1	backbone	p__Bacillota	d__Bacteria;p__Bacillota;c__Bacilli;o__Bacillales;f__Bacillaceae_D;g__Alkalihalophilus;s__Alkalihalophilus sp002797325
GB_GCA_035380865.1	GCA_035380865.1	backbone	p__UBP15	d__Bacteria;p__UBP15;c__UBA6099;o__UBA6099;f__UBA6099;g__DAOSYA01;s__DAOSYA01 sp035380865
GB_GCA_025060205.1	GCA_025060205.1	backbone	p__Armatimonadota	d__Bacteria;p__Armatimonadota;c__Fervidibacteria;o__Fervidibacterales;f__Fervidibacteraceae;g__Fervidibacter;s__Fervidibacter sp025060205
GB_GCA_027004335.1	GCA_027004335.1	backbone	p__JALSQH01	d__Bacteria;p__JALSQH01;c__JALSQH01;o__JALSQH01;f__JALSQH01;g__JALTID01;s__JALTID01 sp027004335
GB_GCA_964593895.1	GCA_964593895.1	backbone	p__DYJV01	d__Bacteria;p__DYJV01;c__DYJV01;o__DYJV01;f__JALVYZ01;g__CAZQKL01;s__CAZQKL01 sp964593895
GB_GCA_021163225.1	GCA_021163225.1	backbone	p__Micrarchaeota	d__Archaea;p__Micrarchaeota;c__Micrarchaeia;o__Anstonellales;f__JAGGXE01;g__JAGGXE01;s__JAGGXE01 sp021163225
GB_GCA_030673425.1	GCA_030673425.1	backbone	p__CAYTYR01	d__Bacteria;p__CAYTYR01;c__UBA6262;o__DAOVJB01;f__DAOVJB01;g__DAOVJB01;s__DAOVJB01 sp030673425
GB_GCA_046760705.1	GCA_046760705.1	backbone	p__JBHIER01	d__Bacteria;p__JBHIER01;c__G020348925;o__G020348925;f__G020348925;g__JBHIER01;s__JBHIER01 sp046760705
GB_GCA_016234365.1	GCA_016234365.1	backbone	p__Elusimicrobiota	d__Bacteria;p__Elusimicrobiota;c__Elusimicrobia;o__Elusimicrobiales;f__UBA9959;g__UBA9959;s__UBA9959 sp016234365
GB_GCA_035489015.1	GCA_035489015.1	backbone	p__Myxococcota_A	d__Bacteria;p__Myxococcota_A;c__Polyangia;o__Haliangiales;f__Haliangiaceae;g__DATFRY01;s__DATFRY01 sp035489015
GB_GCA_028715665.1	GCA_028715665.1	backbone	p__CAIJMQ01	d__Bacteria;p__CAIJMQ01;c__CAIJMQ01;o__CAIJMQ01;f__CAIJMQ01;g__CAZNJA01;s__CAZNJA01 sp028715665
GB_GCA_964493915.1	GCA_964493915.1	backbone	p__Hydrogenedentota	d__Bacteria;p__Hydrogenedentota;c__Hydrogenedentia;o__Hydrogenedentales;f__SLHB01;g__CAZBQH01;s__CAZBQH01 sp964493915
GB_GCA_046095205.1	GCA_046095205.1	backbone	p__Verrucomicrobiota	d__Bacteria;p__Verrucomicrobiota;c__Verrucomicrobiia;o__Opitutales;f__UBA953;g__UBA953;s__UBA953 sp046095205
GB_GCA_024278235.1	GCA_024278235.1	backbone	p__Poribacteria	d__Bacteria;p__Poribacteria;c__WGA-4E;o__JAJRTO01;f__JAJRTO01;g__JAJRTO01;s__JAJRTO01 sp024278235
GB_GCA_025453925.1	GCA_025453925.1	backbone	p__JAFGKV01	d__Bacteria;p__JAFGKV01;c__JAFGKV01;o__JAFGKV01;f__JAFGKV01;g__JAFGKV01;s__JAFGKV01 sp025453925
GB_GCA_964576115.1	GCA_964576115.1	backbone	p__Blakebacterota	d__Bacteria;p__Blakebacterota;c__Blakebacteria;o__Blakebacterales;f__Blakebacteraceae;g__CAYSYY01;s__CAYSYY01 sp964576115
GB_GCA_040225955.1	GCA_040225955.1	backbone	p__Asgardarchaeota	d__Archaea;p__Asgardarchaeota;c__Asgardarchaeia;o__Asgardarchaeales;f__Asgardarchaeaceae;g__Asgardarchaeum;s__Asgardarchaeum abyssi
GB_GCA_030611765.1	GCA_030611765.1	backbone	p__Cloacimonadota	d__Bacteria;p__Cloacimonadota;c__Cloacimonadia;o__JGIOTU-2;f__JGIOTU-2;g__Celaenobacter;s__Celaenobacter sp030611765
GB_GCA_964632485.1	GCA_964632485.1	backbone	p__JAGOEH01	d__Bacteria;p__JAGOEH01;c__JAGOEH01;o__JAGOEH01;f__JAGOEH01;g__CAZWDO01;s__CAZWDO01 sp964632485
GB_GCA_003695725.1	GCA_003695725.1	backbone	p__Schekmanbacteria	d__Bacteria;p__Schekmanbacteria;c__GWA2-38-11;o__GWA2-38-11;f__J061;g__J061;s__J061 sp003695725
GB_GCA_035249825.1	GCA_035249825.1	backbone	p__Gemmatimonadota	d__Bacteria;p__Gemmatimonadota;c__Gemmatimonadetes;o__Gemmatimonadales;f__GWC2-71-9;g__CAVVWJ01;s__CAVVWJ01 sp035249825
GB_GCA_046484865.1	GCA_046484865.1	backbone	p__Krumholzibacteriota	d__Bacteria;p__Krumholzibacteriota;c__Krumholzibacteriia;o__LZORAL124-64-63;f__LZORAL124-64-63;g__JAWOID01;s__JAWOID01 sp046484865
GB_GCA_035542955.1	GCA_035542955.1	backbone	p__Eisenbacteria	d__Bacteria;p__Eisenbacteria;c__RBG-16-71-46;o__RBG-16-71-46;f__RBG-16-71-46;g__JANXPZ01;s__JANXPZ01 sp035542955
GB_GCA_014189675.1	GCA_014189675.1	backbone	p__Undinarchaeota	d__Archaea;p__Undinarchaeota;c__Undinarchaeia;o__Undinarchaeales;f__Undinarchaeaceae;g__Undinarchaeum;s__Undinarchaeum sp014189675
GB_GCA_026393905.1	GCA_026393905.1	backbone	p__Acidobacteriota	d__Bacteria;p__Acidobacteriota;c__Aminicenantia;o__Aminicenantales;f__UBA4085;g__JAPKZH01;s__JAPKZH01 sp026393905
GB_GCA_016934535.1	GCA_016934535.1	backbone	p__SDB-A	d__Bacteria;p__SDB-A;c__SDB-A;o__SDB-A;f__SDB-A;g__JAFGIG01;s__JAFGIG01 sp016934535
GB_GCA_030625085.1	GCA_030625085.1	backbone	p__SZUA-182	d__Bacteria;p__SZUA-182;c__SZUA-182;o__DTGQ01;f__DTGQ01;g__DAOURK01;s__DAOURK01 sp030625085
GB_GCA_000405805.1	GCA_000405805.1	backbone	p__Fidelibacterota	d__Bacteria;p__Fidelibacterota;c__Marinisomatia;o__SCGC-AAA003-L08;f__D37C17;g__SCGC-AAA003-L08;s__SCGC-AAA003-L08 sp000405805
GB_GCA_015231535.1	GCA_015231535.1	backbone	p__SAR324	d__Bacteria;p__SAR324;c__SAR324;o__SAR324;f__NAC60-12;g__JADFZZ01;s__JADFZZ01 sp015232315
GB_GCA_965369835.1	GCA_965369835.1	backbone	p__Auribacterota	d__Bacteria;p__Auribacterota;c__JABMQX01;o__JAFGEW01;f__JAFGEW01;g__CBDUSE01;s__CBDUSE01 sp965369835
GB_GCA_003598085.1	GCA_003598085.1	backbone	p__Abyssobacteria	d__Bacteria;p__Abyssobacteria;c__SURF-5;o__SURF-5;f__SURF-5;g__SURF-5;s__SURF-5 sp003598085
GB_GCA_026415985.1	GCA_026415985.1	backbone	p__CALINM01	d__Bacteria;p__CALINM01;c__CALINM01;o__CALINM01;f__CALINM01;g__JAOAGA01;s__JAOAGA01 sp026415985
GB_GCA_944321895.1	GCA_944321895.1	backbone	p__Bacteroidota	d__Bacteria;p__Bacteroidota;c__Bacteroidia;o__Bacteroidales;f__Paludibacteraceae;g__CALUNA01;s__CALUNA01 sp944321895
GB_GCA_964463175.1	GCA_964463175.1	backbone	p__Methylomirabilota	d__Bacteria;p__Methylomirabilota;c__Methylomirabilia;o__Rokubacteriales;f__DASRDR01;g__DASRDR01;s__DASRDR01 sp964463175
GB_GCA_043818685.1	GCA_043818685.1	backbone	p__Orphanbacterota	d__Bacteria;p__Orphanbacterota;c__Orphanbacteria;o__Orphanbacterales;f__Orphanbacteraceae;g__VGIW01;s__VGIW01 sp043818685
GB_GCA_025774555.1	GCA_025774555.1	backbone	p__Electryoneota	d__Bacteria;p__Electryoneota;c__B3-LCP;o__B3-LCP;f__B3-LCP;g__JALGVT01;s__JALGVT01 sp025774555
GB_GCA_028709985.1	GCA_028709985.1	backbone	p__Synergistota	d__Bacteria;p__Synergistota;c__Synergistia;o__Synergistales;f__Dethiosulfovibrionaceae;g__Dethiosulfovibrio;s__Dethiosulfovibrio sp028709985
GB_GCA_964450125.1	GCA_964450125.1	backbone	p__JADJOY01	d__Bacteria;p__JADJOY01;c__JADJOY01;o__JADJOY01;f__JADJOY01;g__JADJOY01;s__JADJOY01 sp964450125
GB_GCA_019912885.1	GCA_019912885.1	backbone	p__Lernaellota	d__Bacteria;p__Lernaellota;c__Lernaellaia;o__JACKCT01;f__JACKCT01;g__JAIOHV01;s__JAIOHV01 sp019912885
GB_GCA_021161405.1	GCA_021161405.1	backbone	p__Iainarchaeota	d__Archaea;p__Iainarchaeota;c__Iainarchaeia;o__Iainarchaeales;f__JAGHAR01;g__JAGHAR01;s__JAGHAR01 sp021161405
GB_GCA_011620345.1	GCA_011620345.1	backbone	p__UBA2233	d__Bacteria;p__UBA2233;c__UBA2233;o__UBA2233;f__UBA2233;g__UBA2233;s__UBA2233 sp011620345
GB_GCA_001443445.1	GCA_001443445.1	backbone	p__Desulfobacterota_D	d__Bacteria;p__Desulfobacterota_D;c__UBA1144;o__Nemesobacterales;f__CSP1-2;g__CSP1-2;s__CSP1-2 sp001443445
GB_GCA_963422735.1	GCA_963422735.1	backbone	p__Latescibacterota	d__Bacteria;p__Latescibacterota;c__UBA2968;o__UBA8231;f__UBA8231;g__GCA-2724215;s__GCA-2724215 sp963422735
GB_GCA_040755155.1	GCA_040755155.1	backbone	p__Hinthialibacterota	d__Bacteria;p__Hinthialibacterota;c__Hinthialibacteria;o__Hinthialibacterales;f__Hinthialibacteraceae;g__JBFMBP01;s__JBFMBP01 sp040755155
GB_GCA_964622605.1	GCA_964622605.1	backbone	p__Omnitrophota	d__Bacteria;p__Omnitrophota;c__Gorgyraeia;o__Velamenicoccales;f__Velamenicoccaceae;g__CAZCSY01;s__CAZCSY01 sp964622605
GB_GCA_002083355.1	GCA_002083355.1	backbone	p__Nitrospirota	d__Bacteria;p__Nitrospirota;c__Nitrospiria;o__Nitrospirales;f__Nitrospiraceae;g__Nitrospira_D;s__Nitrospira_D sp900696515
GB_GCA_030648035.1	GCA_030648035.1	backbone	p__UBA10199	d__Bacteria;p__UBA10199;c__UBA10199;o__SPLOWO2-01-44-7;f__SPLOWO2-01-44-7;g__JAUSII01;s__JAUSII01 sp030648035
GB_GCA_041665245.1	GCA_041665245.1	backbone	p__Margulisbacteria	d__Bacteria;p__Margulisbacteria;c__WOR-1;o__O2-12-FULL-45-9;f__XYB2-FULL-48-7;g__JBAYJF01;s__JBAYJF01 sp041665245
GB_GCA_049718665.1	GCA_049718665.1	backbone	p__Dictyoglomota	d__Bacteria;p__Dictyoglomota;c__Dictyoglomia;o__Dictyoglomales;f__Dictyoglomaceae;g__NZ13-RE01;s__NZ13-RE01 sp049718665
RS_GCF_014647655.1	GCF_014647655.1	backbone	p__Deinococcota	d__Bacteria;p__Deinococcota;c__Deinococci;o__Deinococcales;f__Deinococcaceae;g__Deinococcus;s__Deinococcus malanensis
RS_GCF_000024625.1	GCF_000024625.1	backbone	p__AGJL01	d__Archaea;p__AGJL01;c__Methanococci;o__Methanococcales;f__Methanocaldococcaceae;g__Methanocaldococcus;s__Methanocaldococcus vulcanius
GB_GCA_035359435.1	GCA_035359435.1	backbone	p__JAGOBX01	d__Bacteria;p__JAGOBX01;c__JAGOBX01;o__DAONJL01;f__DAONJL01;g__DAONJL01;s__DAONJL01 sp035405645
RS_GCF_000020945.1	GCF_000020945.1	backbone	p__Coprothermobacterota	d__Bacteria;p__Coprothermobacterota;c__Coprothermobacteria;o__Coprothermobacterales;f__Coprothermobacteraceae;g__Coprothermobacter;s__Coprothermobacter proteolyticus
GB_GCA_964398245.1	GCA_964398245.1	backbone	p__UBP6	d__Bacteria;p__UBP6;c__UBA1177;o__UBA1177;f__JAKLFG01;g__CALITV01;s__CALITV01 sp964398245
GB_GCA_021787655.1	GCA_021787655.1	backbone	p__JAMCPX01	d__Bacteria;p__JAMCPX01;c__JAMCPX01;o__JAMCPX01;f__JAMCPX01;g__JAJYLM01;s__JAJYLM01 sp021787655
GB_GCA_024276815.1	GCA_024276815.1	backbone	p__JACRDZ01	d__Bacteria;p__JACRDZ01;c__JAJRWM01;o__JAJRWM01;f__JAJRWM01;g__JAJRWM01;s__JAJRWM01 sp024276815
GB_GCA_015062825.1	GCA_015062825.1	backbone	p__Methanobacteriota	d__Archaea;p__Methanobacteriota;c__Methanobacteria;o__Methanobacteriales;f__Methanobacteriaceae;g__Methanosphaera;s__Methanosphaera stadtmanae_A
RS_GCF_000007185.1	GCF_000007185.1	backbone	p__JAADCQ01	d__Archaea;p__JAADCQ01;c__Methanopyri;o__Methanopyrales;f__Methanopyraceae;g__Methanopyrus;s__Methanopyrus kandleri
GB_GCA_036562265.1	GCA_036562265.1	backbone	p__DASVDK01	d__Bacteria;p__DASVDK01;c__DASVDK01;o__DASVDK01;f__DASVDK01;g__DASVDK01;s__DASVDK01 sp036562265
GB_GCA_964470215.1	GCA_964470215.1	backbone	p__Planctomycetota	d__Bacteria;p__Planctomycetota;c__PUPC01;o__DSUN01;f__DSUN01;g__CAYYCI01;s__CAYYCI01 sp964470215
GB_GCA_016936235.1	GCA_016936235.1	backbone	p__Fermentibacterota	d__Bacteria;p__Fermentibacterota;c__Fermentibacteria;o__Fermentibacterales;f__JCC-6;g__Aegiribacteria;s__Aegiribacteria sp016936235
GB_GCA_003327425.1	GCA_003327425.1	backbone	p__Muiribacteriota	d__Bacteria;p__Muiribacteriota;c__Ozemobacteria;o__Ozemobacterales;f__Ozemobacteraceae;g__Ozemobacter;s__Ozemobacter sibiricus
GB_GCA_011045915.1	GCA_011045915.1	backbone	p__Thermotogota	d__Bacteria;p__Thermotogota;c__Thermotogae;o__Petrotogales;f__Kosmotogaceae;g__Mesotoga;s__Mesotoga infera_D
GB_GCA_030947645.1	GCA_030947645.1	backbone	p__Vulcanimicrobiota	d__Bacteria;p__Vulcanimicrobiota;c__Vulcanimicrobiia;o__Vulcanimicrobiales;f__Vulcanimicrobiaceae;g__JALZBG01;s__JALZBG01 sp030947645
GB_GCA_051745145.1	GCA_051745145.1	backbone	p__CG03	d__Bacteria;p__CG03;c__SLGR01;o__SLGR01;f__JAGXOG01;g__CAYZAK01;s__CAYZAK01 sp051745145
GB_GCA_020434085.1	GCA_020434085.1	backbone	p__JAGRBM01	d__Bacteria;p__JAGRBM01;c__JAGRBM01;o__JAGRBM01;f__JAGRBM01;g__JAGRBM01;s__JAGRBM01 sp020434085
GB_GCA_964625285.1	GCA_964625285.1	backbone	p__NPL-UPA2	d__Bacteria;p__NPL-UPA2;c__NPL-UPA2;o__NPL-UPA2;f__NPL-UPA2;g__NPL-UPA2;s__NPL-UPA2 sp964625285
GB_GCA_937958695.1	GCA_937958695.1	backbone	p__DUMJ01	d__Bacteria;p__DUMJ01;c__DUMJ01;o__DUMJ01;f__DUMJ01;g__DUMJ01;s__DUMJ01 sp937958695
GB_GCA_000403075.1	GCA_000403075.1	backbone	p__Calescibacteriota	d__Bacteria;p__Calescibacteriota;c__Calescibacteriia;o__Calescibacteriales;f__Calescibacteriaceae;g__Calescibacterium;s__Calescibacterium nevadense
GB_GCA_011620765.1	GCA_011620765.1	backbone	p__Thermoplasmatota	d__Archaea;p__Thermoplasmatota;c__UBA186;o__UBA287;f__UBA287;g__UBA287;s__UBA287 sp011620765
GB_GCA_020434365.1	GCA_020434365.1	backbone	p__Bdellovibrionota_G	d__Bacteria;p__Bdellovibrionota_G;c__JALEGL01;o__JALEGL01;f__JAGRMV01;g__JAGRAX01;s__JAGRAX01 sp020434365
RS_GCF_001902575.1	GCF_001902575.1	backbone	p__Fusobacteriota	d__Bacteria;p__Fusobacteriota;c__Fusobacteriia;o__Fusobacteriales;f__Leptotrichiaceae;g__Streptobacillus;s__Streptobacillus notomytis
GB_GCA_003505155.1	GCA_003505155.1	backbone	p__Patescibacteriota	d__Bacteria;p__Patescibacteriota;c__Patescibacteriia;o__UBA9934;f__UBA10169;g__UBA10169;s__UBA10169 sp003505155
GB_GCA_040386775.1	GCA_040386775.1	backbone	p__Bdellovibrionota	d__Bacteria;p__Bdellovibrionota;c__Bdellovibrionia;o__Bdellovibrionales;f__JAEYZS01;g__JAEYZS01;s__JAEYZS01 sp040386775
GB_GCA_963701105.1	GCA_963701105.1	backbone	p__Actinomycetota	d__Bacteria;p__Actinomycetota;c__Thermoleophilia;o__RBG-16-64-13;f__RBG-16-64-13;g__JAHJSA01;s__JAHJSA01 sp963701105
GB_GCA_002382735.1	GCA_002382735.1	backbone	p__UBA4055	d__Bacteria;p__UBA4055;c__UBA4055;o__UBA4055;f__UBA4055;g__UBA4055;s__UBA4055 sp002382735
GB_GCA_023144005.1	GCA_023144005.1	backbone	p__AUK180	d__Bacteria;p__AUK180;c__AUK180;o__AUK180;f__AUK180;g__JAGLWT01;s__JAGLWT01 sp023144005
GB_GCA_002320695.1	GCA_002320695.1	backbone	p__Myxococcota_C	d__Bacteria;p__Myxococcota_C;c__UBA6777;o__UBA6777;f__UBA6777;g__UBA6777;s__UBA6777 sp002731275
GB_GCA_903857865.1	GCA_903857865.1	backbone	p__Bipolaricaulota	d__Bacteria;p__Bipolaricaulota;c__Bipolaricaulia;o__UBA7950;f__UBA9294;g__CAIOGO01;s__CAIOGO01 sp903857865
GB_GCA_014730185.1	GCA_014730185.1	backbone	p__Calditrichota	d__Bacteria;p__Calditrichota;c__Calditrichia;o__Calditrichales;f__Calditrichaceae;g__WJIP01;s__WJIP01 sp014730185
GB_GCA_050253135.1	GCA_050253135.1	backbone	p__Campylobacterota_A	d__Bacteria;p__Campylobacterota_A;c__Desulfurellia;o__Desulfurellales;f__Desulfurellaceae;g__Desulfurella;s__Desulfurella sp050253135
GB_GCA_015660995.1	GCA_015660995.1	backbone	p__Thermoproteota	d__Archaea;p__Thermoproteota;c__Methanomethylicia;o__Methanomethylicales;f__Methanomethylicaceae;g__JACTUC01;s__JACTUC01 sp015660995
GB_GCA_028715055.1	GCA_028715055.1	backbone	p__Campylobacterota	d__Bacteria;p__Campylobacterota;c__Campylobacteria;o__Campylobacterales;f__Sulfurovaceae;g__BN30871;s__BN30871 sp028715055
