label	name	bitscore
positive	soxX||Q5LUR0	186.8
positive	soxX||A0ABT2WTT9	186.5
positive	soxX||A0A1G6RZM9	185.7
positive	soxX||A0A1I5IPQ3	183.8
positive	soxX||A0A2T4JWN2	183.0
positive	soxX||A0A0H5D1F7	181.1
positive	soxX||V9VR85	180.4
positive	soxX||A0A285TAY4	177.6
positive	soxX||A0A1N7MDE4	177.0
positive	soxX||A0A844BA00	176.4
positive	soxX||A0A1I3JHP5	175.0
positive	soxX||A0A1I1ZEQ0	171.4
positive	soxX||A0A7C3DDL6	149.0
positive	soxX||A0A7V4E5Z7	148.8
positive	soxX||A0A2L0XB92	148.4
positive	soxX||A0A831UIW6	148.2
positive	soxX||Q5SIF3	145.2
positive	soxX||A0A454TX52	144.9
positive	soxX||Q0K5U8	143.9
positive	soxX||A0A7X2HQG1	143.6
positive	soxX||Q8KDN0	126.8
positive	soxX||Q1W3E5	122.2
negative	NEG_soxX||Q1LI70	17.5
negative	NEG_soxX||P00080	15.5
